id,pair,direction,entry_price,stop_loss,tp1,tp2,close_price,pnl_percent,entry_time,close_time,status,ai_score,total_score,feat_adx,feat_rsi,feat_rsi_momentum,feat_ema_deviation,feat_atr_percent,feat_trend_line,feat_body_ratio
BTCUSDT_226,BTCUSDT,SHORT,57882.046875,59978.149888,55785.943862,52641.789342,59978.149888,-3.6213,226,2026-07-04T06:03:49.256019+00:00,SL_HIT,25.2,61.1,23.8907,34.0117,,,,,
BTCUSDT_250,BTCUSDT,LONG,60628.042969,59367.627623,61888.458315,63779.081334,59367.627623,-2.0789,250,2026-07-04T06:03:49.282648+00:00,SL_HIT,24.5,64.54,24.4733,61.4645,,,,,
BTCUSDT_340,BTCUSDT,SHORT,56647.535156,58219.41529,55075.655022,52717.834821,58219.41529,-2.7748,340,2026-07-04T06:03:49.415968+00:00,SL_HIT,25.2,61.46,22.5779,36.3667,,,,,
BTCUSDT_355,BTCUSDT,SHORT,54016.632812,55906.200893,52127.064732,49292.712612,55906.200893,-3.4981,355,2026-07-04T06:03:49.454143+00:00,SL_HIT,26.34,67.32,28.5657,31.9874,,,,,
BTCUSDT_357,BTCUSDT,SHORT,53949.085938,55861.609542,52036.562333,49167.776925,55861.609542,-3.5451,357,2026-07-04T06:03:49.454156+00:00,SL_HIT,26.34,70.53,34.9824,18.7927,,,,,
BTCUSDT_392,BTCUSDT,LONG,58387.027344,56796.379297,59977.675391,62363.647461,62363.647461,6.8108,392,2026-07-04T06:03:49.535841+00:00,TP_HIT,25.2,61.17,25.8189,58.0688,,,,,
BTCUSDT_397,BTCUSDT,LONG,59621.039062,58116.782478,61125.295647,63381.680525,58116.782478,-2.523,397,2026-07-04T06:03:49.514554+00:00,SL_HIT,25.0,60.25,15.4965,71.3352,,,,,
BTCUSDT_405,BTCUSDT,LONG,60000.726562,58863.220982,61138.232143,62844.490513,58863.220982,-1.8958,405,2026-07-04T06:03:49.506736+00:00,SL_HIT,25.62,66.76,34.198,70.9354,,,,,
BTCUSDT_454,BTCUSDT,LONG,64349.203125,63235.80971,65462.59654,67132.686663,63235.80971,-1.7302,454,2026-07-04T06:03:49.573226+00:00,SL_HIT,24.5,68.36,32.1131,70.697,,,,,
BTCUSDT_481,BTCUSDT,LONG,66046.867188,64755.695647,67338.038728,69274.796038,64755.695647,-1.9549,481,2026-07-04T06:03:49.622435+00:00,SL_HIT,25.0,64.39,23.7711,73.778,,,,,
BTCUSDT_483,BTCUSDT,LONG,65792.179688,64498.062556,67086.296819,69027.472517,64498.062556,-1.967,483,2026-07-04T06:03:49.622447+00:00,SL_HIT,25.0,63.66,31.0058,74.3165,,,,,
BTCUSDT_580,BTCUSDT,LONG,64236.484375,63137.429185,65335.539565,66984.122349,66984.122349,4.2774,580,2026-07-04T06:03:49.745891+00:00,TP_HIT,24.5,67.04,43.5005,62.5408,,,,,
BTCUSDT_581,BTCUSDT,LONG,64578.035156,63477.137277,65678.933036,67330.279855,67330.279855,4.2619,581,2026-07-04T06:03:49.745900+00:00,TP_HIT,25.11,70.05,46.4928,73.4669,,,,,
BTCUSDT_622,BTCUSDT,LONG,68893.242188,68230.871317,69555.613058,70549.169364,68230.871317,-0.9614,622,2026-07-04T06:03:49.793369+00:00,SL_HIT,26.87,62.88,43.8686,56.8493,,,,,
BTCUSDT_668,BTCUSDT,LONG,69480.671875,68499.1375,70462.20625,71934.507812,71934.507812,3.5317,668,2026-07-04T06:03:49.864261+00:00,TP_HIT,31.09,67.69,33.6036,77.7464,,,,,
BTCUSDT_669,BTCUSDT,LONG,69902.265625,68870.484933,70934.046317,72481.717355,72481.717355,3.6901,669,2026-07-04T06:03:49.865890+00:00,TP_HIT,32.28,69.66,38.9466,84.4948,,,,,
BTCUSDT_707,BTCUSDT,SHORT,68588.914062,69763.636049,67414.192076,65652.109096,69763.636049,-1.7127,707,2026-07-04T06:03:49.958821+00:00,SL_HIT,24.5,63.38,22.1549,37.587,,,,,
BTCUSDT_793,BTCUSDT,LONG,92421.390625,90102.871094,94739.910156,98217.689453,90102.871094,-2.5086,793,2026-07-04T06:03:50.073458+00:00,SL_HIT,25.62,61.78,18.0708,56.7911,,,,,
BTCUSDT_878,BTCUSDT,SHORT,95824.226562,97722.244196,93926.208929,91079.182478,97722.244196,-1.9807,878,2026-07-04T06:03:50.198626+00:00,SL_HIT,24.5,60.64,25.4721,47.0675,,,,,
BTCUSDT_954,BTCUSDT,LONG,102617.539062,100856.590625,104378.4875,107019.910156,107019.910156,4.2901,954,2026-07-04T06:03:50.294279+00:00,TP_HIT,25.62,68.2,34.1271,73.8413,,,,,
BTCUSDT_956,BTCUSDT,LONG,103219.859375,101435.219643,105004.499107,107681.458705,107681.458705,4.3224,956,2026-07-04T06:03:50.294287+00:00,TP_HIT,25.62,61.58,36.6368,73.5066,,,,,
BTCUSDT_961,BTCUSDT,LONG,106309.84375,104082.470312,108537.217188,111878.277344,104082.470312,-2.0952,961,2026-07-04T06:03:50.304658+00:00,SL_HIT,25.11,70.05,46.9444,77.0478,,,,,
BTCUSDT_1042,BTCUSDT,SHORT,93487.3125,94679.051116,92295.573884,90507.96596,94679.051116,-1.2748,1042,2026-07-04T06:03:50.416221+00:00,SL_HIT,28.08,62.5,32.9404,38.339,,,,,
BTCUSDT_1044,BTCUSDT,SHORT,93741.492188,94951.025893,92531.958482,90717.657924,94951.025893,-1.2903,1044,2026-07-04T06:03:50.422720+00:00,SL_HIT,27.06,60.22,30.8384,41.7146,,,,,
BTCUSDT_1045,BTCUSDT,SHORT,91911.453125,93410.339844,90412.566406,88164.236328,93410.339844,-1.6308,1045,2026-07-04T06:03:50.414562+00:00,SL_HIT,24.86,68.03,31.1761,30.1723,,,,,
BTCUSDT_1047,BTCUSDT,SHORT,92642.40625,94725.874107,90558.938393,87433.736607,94725.874107,-2.2489,1047,2026-07-04T06:03:50.422730+00:00,SL_HIT,25.62,64.83,30.6724,41.2219,,,,,
BTCUSDT_1049,BTCUSDT,SHORT,92738.179688,94812.882589,90663.476786,87551.422433,94812.882589,-2.2372,1049,2026-07-04T06:03:50.422738+00:00,SL_HIT,25.62,60.04,36.9554,36.0154,,,,,
BTCUSDT_1052,BTCUSDT,SHORT,93972.992188,96665.807254,91280.177121,87240.95452,96665.807254,-2.8655,1052,2026-07-04T06:03:50.441260+00:00,SL_HIT,25.2,64.75,35.9285,46.2728,,,,,
BTCUSDT_1053,BTCUSDT,SHORT,93425.101562,96078.852009,90771.351116,86790.725446,96078.852009,-2.8405,1053,2026-07-04T06:03:50.441270+00:00,SL_HIT,25.2,60.21,34.5117,45.893,,,,,
BTCUSDT_1062,BTCUSDT,LONG,96619.882812,94707.354688,98532.410937,101401.203125,101401.203125,4.9486,1062,2026-07-04T06:03:50.482995+00:00,TP_HIT,24.5,63.2,30.6499,74.4165,,,,,
BTCUSDT_1068,BTCUSDT,LONG,96720.28125,95179.104576,98261.457924,100573.222935,100573.222935,3.9836,1068,2026-07-04T06:03:50.483004+00:00,TP_HIT,25.58,61.32,50.4659,74.5301,,,,,
BTCUSDT_1085,BTCUSDT,LONG,99292.617188,98120.542969,100464.691406,102222.802734,102222.802734,2.9511,1085,2026-07-04T06:03:50.483011+00:00,TP_HIT,29.39,71.35,42.7451,65.6191,,,,,
BTCUSDT_1087,BTCUSDT,LONG,102174.226562,100541.150446,103807.302679,106256.916853,100541.150446,-1.5983,1087,2026-07-04T06:03:50.492108+00:00,SL_HIT,25.78,70.31,37.6392,79.5723,,,,,
BTCUSDT_1094,BTCUSDT,SHORT,96496.671875,98923.859375,94069.484375,90428.703125,90428.703125,6.2883,1094,2026-07-04T06:03:50.554183+00:00,TP_HIT,25.0,63.41,34.6834,44.9372,,,,,
BTCUSDT_1100,BTCUSDT,SHORT,94258.359375,97117.503683,91399.215067,87110.498605,97117.503683,-3.0333,1100,2026-07-04T06:03:50.560074+00:00,SL_HIT,25.7,62.94,35.2614,30.8494,,,,,
BTCUSDT_1102,BTCUSDT,SHORT,94026.609375,96693.997433,91359.221317,87358.13923,96693.997433,-2.8368,1102,2026-07-04T06:03:50.560084+00:00,SL_HIT,26.34,61.56,40.2917,15.8933,,,,,
BTCUSDT_1103,BTCUSDT,SHORT,93219.71875,95965.425893,90474.011607,86355.450893,95965.425893,-2.9454,1103,2026-07-04T06:03:50.560090+00:00,SL_HIT,26.34,64.45,42.626,11.9755,,,,,
BTCUSDT_1150,BTCUSDT,LONG,101007.398438,98607.105469,103407.691406,107008.130859,107008.130859,5.9409,1150,2026-07-04T06:03:50.607408+00:00,TP_HIT,25.62,63.97,39.1302,73.2541,,,,,
BTCUSDT_1151,BTCUSDT,LONG,101450.9375,99026.520312,103875.354688,107511.980469,107511.980469,5.9744,1151,2026-07-04T06:03:50.607419+00:00,TP_HIT,25.62,61.29,42.2596,74.2951,,,,,
BTCUSDT_1169,BTCUSDT,LONG,107023.789062,102928.770982,111118.807143,117261.334263,102928.770982,-3.8263,1169,2026-07-04T06:03:50.613131+00:00,SL_HIT,26.34,70.53,40.1023,58.1077,,,,,
BTCUSDT_1214,BTCUSDT,SHORT,99603.039062,102139.105469,97066.972656,93262.873047,102139.105469,-2.5462,1214,2026-07-04T06:03:50.669646+00:00,SL_HIT,24.86,66.75,38.8367,28.9251,,,,,
BTCUSDT_1250,BTCUSDT,SHORT,98197.554688,100641.793973,95753.315402,92086.956473,92086.956473,6.2228,1250,2026-07-04T06:03:50.723355+00:00,TP_HIT,24.86,66.53,41.713,17.2081,,,,,
BTCUSDT_1251,BTCUSDT,SHORT,97671.851562,100186.55904,95157.144085,91385.082868,100186.55904,-2.5746,1251,2026-07-04T06:03:50.729958+00:00,SL_HIT,26.34,67.83,44.5551,9.9173,,,,,
BTCUSDT_1322,BTCUSDT,LONG,97927.0,95697.505134,100156.494866,103500.737165,95697.505134,-2.2767,1322,2026-07-04T06:03:50.842547+00:00,SL_HIT,24.5,65.33,34.9022,62.6447,,,,,
BTCUSDT_1362,BTCUSDT,LONG,98658.140625,97207.042299,100109.238951,102285.88644,97207.042299,-1.4708,1362,2026-07-04T06:03:50.882022+00:00,SL_HIT,32.2,62.3,30.9744,79.214,,,,,
BTCUSDT_1381,BTCUSDT,SHORT,94246.828125,95448.722879,93044.933371,91242.091239,91242.091239,3.1882,1381,2026-07-04T06:03:50.912887+00:00,TP_HIT,25.68,70.27,41.5988,29.9643,,,,,
BTCUSDT_1382,BTCUSDT,SHORT,93894.867188,95218.177567,92571.556808,90586.591239,90586.591239,3.5234,1382,2026-07-04T06:03:50.914556+00:00,TP_HIT,28.7,66.68,44.2849,24.7625,,,,,
BTCUSDT_1459,BTCUSDT,SHORT,83052.210938,85462.387835,80642.03404,77026.768694,77026.768694,7.255,1459,2026-07-04T06:03:51.032644+00:00,TP_HIT,26.34,70.48,34.883,16.2682,,,,,
BTCUSDT_1460,BTCUSDT,SHORT,82561.703125,84950.838504,80172.567746,76588.864676,84950.838504,-2.8938,1460,2026-07-04T06:03:51.055832+00:00,SL_HIT,26.34,68.51,38.5752,8.2891,,,,,
BTCUSDT_1548,BTCUSDT,LONG,87699.476562,86651.667634,88747.285491,90318.998884,86651.667634,-1.1948,1548,2026-07-04T06:03:51.150515+00:00,SL_HIT,27.06,62.78,47.9748,86.5725,,,,,
BTCUSDT_1549,BTCUSDT,LONG,88324.601562,87110.643192,89538.559933,91359.497489,87110.643192,-1.3744,1549,2026-07-04T06:03:51.150525+00:00,SL_HIT,29.91,63.51,50.048,88.1221,,,,,
BTCUSDT_1629,BTCUSDT,SHORT,78221.335938,80215.962946,76226.708929,73234.768415,80215.962946,-2.55,1629,2026-07-04T06:03:51.264762+00:00,SL_HIT,24.86,61.65,25.4859,23.261,,,,,
BTCUSDT_1630,BTCUSDT,SHORT,77584.984375,79595.321205,75574.647545,72559.142299,79595.321205,-2.5911,1630,2026-07-04T06:03:51.264771+00:00,SL_HIT,26.34,68.07,30.0719,11.4326,,,,,
BTCUSDT_1631,BTCUSDT,SHORT,75091.953125,77422.869754,72761.036496,69264.661551,77422.869754,-3.1041,1631,2026-07-04T06:03:51.263075+00:00,SL_HIT,26.34,62.25,33.2347,8.8302,,,,,
BTCUSDT_1714,BTCUSDT,LONG,87203.054688,86123.428348,88282.681027,89902.120536,89902.120536,3.0952,1714,2026-07-04T06:03:51.380086+00:00,TP_HIT,30.26,65.4,21.5815,75.9074,,,,,
BTCUSDT_1717,BTCUSDT,LONG,88072.875,86731.747433,89414.002567,91425.693917,86731.747433,-1.5227,1717,2026-07-04T06:03:51.372580+00:00,SL_HIT,27.46,60.83,26.811,73.3027,,,,,
BTCUSDT_1720,BTCUSDT,LONG,88116.859375,86408.955692,89824.763058,92386.618583,92386.618583,4.8456,1720,2026-07-04T06:03:51.383337+00:00,TP_HIT,25.62,60.52,28.4905,70.3408,,,,,
BTCUSDT_1742,BTCUSDT,LONG,95300.015625,93263.363839,97336.667411,100391.645089,93263.363839,-2.1371,1742,2026-07-04T06:03:51.428438+00:00,SL_HIT,25.11,64.44,34.1324,63.889,,,,,
BTCUSDT_1776,BTCUSDT,LONG,96214.0,94593.201451,97834.798549,100265.996373,94593.201451,-1.6846,1776,2026-07-04T06:03:51.488562+00:00,SL_HIT,24.5,60.17,16.694,60.0339,,,,,
BTCUSDT_1783,BTCUSDT,LONG,97394.171875,95666.904129,99121.439621,101712.341239,95666.904129,-1.7735,1783,2026-07-04T06:03:51.480744+00:00,SL_HIT,25.62,60.34,24.2124,68.5148,,,,,
BTCUSDT_1885,BTCUSDT,LONG,104832.320312,102437.344978,107227.295647,110819.75865,110819.75865,5.7114,1885,2026-07-04T06:03:51.636332+00:00,TP_HIT,24.5,61.43,22.2098,55.4513,,,,,
BTCUSDT_1892,BTCUSDT,LONG,107051.085938,104042.995647,110059.176228,114571.311663,104042.995647,-2.81,1892,2026-07-04T06:03:51.711739+00:00,SL_HIT,25.7,65.71,44.2652,60.9801,,,,,
BTCUSDT_1945,BTCUSDT,SHORT,107053.929688,109073.720536,105034.138839,102004.452567,102004.452567,4.7168,1945,2026-07-04T06:03:51.763281+00:00,TP_HIT,24.5,68.3,32.0021,33.5919,,,,,
BTCUSDT_1949,BTCUSDT,SHORT,104966.640625,107105.697545,102827.583705,99618.998326,107105.697545,-2.0378,1949,2026-07-04T06:03:51.797867+00:00,SL_HIT,24.86,60.36,44.4052,26.0496,,,,,
BTCUSDT_2010,BTCUSDT,LONG,107774.460938,106626.633482,108922.288393,110644.029576,106626.633482,-1.065,2010,2026-07-04T06:03:51.829876+00:00,SL_HIT,29.82,71.93,42.6262,79.1295,,,,,
BTCUSDT_2011,BTCUSDT,LONG,107748.679688,106546.001451,108951.357924,110755.375279,106546.001451,-1.1162,2011,2026-07-04T06:03:51.829885+00:00,SL_HIT,28.68,61.26,45.175,78.9127,,,,,
BTCUSDT_2012,BTCUSDT,LONG,108602.9375,107329.635379,109876.239621,111786.192801,107329.635379,-1.1724,2012,2026-07-04T06:03:51.826493+00:00,SL_HIT,27.06,63.38,48.36,81.4632,,,,,
BTCUSDT_2078,BTCUSDT,SHORT,103485.445312,105377.432143,101593.458482,98755.478237,98755.478237,4.5707,2078,2026-07-04T06:03:51.930819+00:00,TP_HIT,24.5,63.58,40.3475,41.2253,,,,,
BTCUSDT_2081,BTCUSDT,SHORT,103471.648438,105053.116183,101890.180692,99517.979074,99517.979074,3.821,2081,2026-07-04T06:03:51.928426+00:00,TP_HIT,27.45,69.35,39.7572,39.0328,,,,,
BTCUSDT_2083,BTCUSDT,SHORT,103602.328125,105165.048549,102039.607701,99695.527065,99695.527065,3.771,2083,2026-07-04T06:03:51.928436+00:00,TP_HIT,28.75,60.43,35.3943,41.7327,,,,,
BTCUSDT_2084,BTCUSDT,SHORT,102276.648438,103964.270982,100589.025893,98057.592076,103964.270982,-1.6501,2084,2026-07-04T06:03:51.939229+00:00,SL_HIT,25.0,67.97,34.3744,33.4533,,,,,
BTCUSDT_2087,BTCUSDT,SHORT,102491.320312,104364.152009,100618.488616,97809.241071,104364.152009,-1.8273,2087,2026-07-04T06:03:51.939254+00:00,SL_HIT,25.11,61.38,32.5525,33.947,,,,,
BTCUSDT_2089,BTCUSDT,SHORT,99182.046875,101356.54933,97007.54442,93745.790737,101356.54933,-2.1924,2089,2026-07-04T06:03:51.934061+00:00,SL_HIT,24.86,69.95,38.5016,14.8635,,,,,
BTCUSDT_2112,BTCUSDT,LONG,107365.132812,105750.594085,108979.67154,111401.479632,105750.594085,-1.5038,2112,2026-07-04T06:03:52.013043+00:00,SL_HIT,27.28,61.55,57.3327,75.646,,,,,
BTCUSDT_2114,BTCUSDT,LONG,107669.476562,106097.777232,109241.175893,111598.724888,106097.777232,-1.4597,2114,2026-07-04T06:03:52.013053+00:00,SL_HIT,26.07,61.36,63.9428,75.157,,,,,
BTCUSDT_2116,BTCUSDT,LONG,107524.914062,105933.508147,109116.319978,111503.42885,105933.508147,-1.48,2116,2026-07-04T06:03:52.013061+00:00,SL_HIT,27.29,62.37,69.142,66.7225,,,,,
BTCUSDT_2130,BTCUSDT,LONG,108460.78125,107543.824888,109377.737612,110753.172154,107543.824888,-0.8454,2130,2026-07-04T06:03:51.993191+00:00,SL_HIT,26.78,60.14,22.1689,62.2069,,,,,
BTCUSDT_2133,BTCUSDT,LONG,108388.976562,107458.834598,109319.118527,110714.331473,107458.834598,-0.8582,2133,2026-07-04T06:03:52.002773+00:00,SL_HIT,26.78,61.47,25.9814,60.4292,,,,,
BTCUSDT_2134,BTCUSDT,LONG,108551.078125,107700.673549,109401.482701,110677.089565,107700.673549,-0.7834,2134,2026-07-04T06:03:51.999541+00:00,SL_HIT,24.69,64.34,29.9035,67.4442,,,,,
BTCUSDT_2143,BTCUSDT,SHORT,106043.78125,107492.282031,104595.280469,102422.529297,107492.282031,-1.3659,2143,2026-07-04T06:03:52.022748+00:00,SL_HIT,28.82,61.39,24.454,39.38,,,,,
BTCUSDT_2144,BTCUSDT,SHORT,105486.398438,106907.239286,104065.557589,101934.296317,106907.239286,-1.3469,2144,2026-07-04T06:03:52.021057+00:00,SL_HIT,30.01,67.16,25.3028,24.14,,,,,
BTCUSDT_2156,BTCUSDT,LONG,109820.351562,107959.805469,111680.897656,114471.716797,107959.805469,-1.6942,2156,2026-07-04T06:03:52.039225+00:00,SL_HIT,25.0,67.16,35.0537,69.0787,,,,,
BTCUSDT_2180,BTCUSDT,SHORT,108141.421875,109175.497768,107107.345982,105556.232143,109175.497768,-0.9562,2180,2026-07-04T06:03:52.082062+00:00,SL_HIT,27.7,64.9,46.2817,49.447,,,,,
BTCUSDT_2182,BTCUSDT,SHORT,107906.484375,109069.226116,106743.742634,104999.630022,109069.226116,-1.0775,2182,2026-07-04T06:03:52.082071+00:00,SL_HIT,28.32,67.28,39.1538,46.7272,,,,,
BTCUSDT_2192,BTCUSDT,LONG,111779.75,110131.733482,113427.766518,115899.791295,115899.791295,3.6859,2192,2026-07-04T06:03:52.104471+00:00,TP_HIT,33.19,64.23,16.8997,71.8509,,,,,
BTCUSDT_2196,BTCUSDT,LONG,111068.445312,109474.811496,112662.079129,115052.529855,115052.529855,3.5871,2196,2026-07-04T06:03:52.104483+00:00,TP_HIT,32.2,63.62,32.6497,72.623,,,,,
BTCUSDT_2199,BTCUSDT,LONG,115986.234375,113879.179688,118093.289062,121253.871094,121253.871094,4.5416,2199,2026-07-04T06:03:52.134214+00:00,TP_HIT,25.11,69.16,46.7028,86.5618,,,,,
BTCUSDT_2215,BTCUSDT,LONG,118731.765625,117320.075446,120143.455804,122260.991071,122260.991071,2.9724,2215,2026-07-04T06:03:52.134225+00:00,TP_HIT,27.29,60.26,60.3698,59.8473,,,,,
BTCUSDT_2216,BTCUSDT,LONG,119088.789062,117717.159933,120460.418192,122517.861886,122517.861886,2.8794,2216,2026-07-04T06:03:52.134246+00:00,TP_HIT,26.77,61.19,54.4858,60.3324,,,,,
BTCUSDT_2217,BTCUSDT,LONG,119115.789062,117797.879687,120433.698438,122410.5625,122410.5625,2.766,2217,2026-07-04T06:03:52.134252+00:00,TP_HIT,25.72,70.29,51.1717,72.6543,,,,,
BTCUSDT_2219,BTCUSDT,LONG,122776.273438,121155.887723,124396.659152,126827.237723,121155.887723,-1.3198,2219,2026-07-04T06:03:52.138356+00:00,SL_HIT,25.72,70.29,49.8055,88.3389,,,,,
BTCUSDT_2301,BTCUSDT,LONG,119457.523438,118280.668973,120634.377902,122399.659598,118280.668973,-0.9852,2301,2026-07-04T06:03:52.249016+00:00,SL_HIT,28.7,70.87,33.7879,85.4586,,,,,
BTCUSDT_2330,BTCUSDT,SHORT,113271.96875,115661.264844,110882.672656,107298.728516,115661.264844,-2.1093,2330,2026-07-04T06:03:52.320076+00:00,SL_HIT,24.86,65.32,40.3797,26.5987,,,,,
BTCUSDT_2343,BTCUSDT,SHORT,114223.921875,115943.893192,112503.950558,109923.993583,115943.893192,-1.5058,2343,2026-07-04T06:03:52.346637+00:00,SL_HIT,26.66,62.31,51.0799,41.3146,,,,,
BTCUSDT_2364,BTCUSDT,LONG,116559.320312,114731.797991,118386.842634,121128.126116,121128.126116,3.9197,2364,2026-07-04T06:03:52.383228+00:00,TP_HIT,26.27,62.99,19.9672,61.7202,,,,,
BTCUSDT_2367,BTCUSDT,LONG,117505.5,115788.336161,119222.663839,121798.409598,121798.409598,3.6534,2367,2026-07-04T06:03:52.383251+00:00,TP_HIT,33.19,66.83,22.1078,80.4948,,,,,
BTCUSDT_2370,BTCUSDT,LONG,116929.664062,115265.635379,118593.692746,121089.73577,121089.73577,3.5578,2370,2026-07-04T06:03:52.383256+00:00,TP_HIT,31.41,67.18,31.5253,75.3645,,,,,
BTCUSDT_2372,BTCUSDT,LONG,116437.53125,114702.465848,118172.596652,120775.194754,120775.194754,3.7253,2372,2026-07-04T06:03:52.383260+00:00,TP_HIT,29.4,62.79,35.8013,66.1289,,,,,
BTCUSDT_2376,BTCUSDT,LONG,117119.117188,115500.47221,118737.762165,121165.729632,121165.729632,3.4551,2376,2026-07-04T06:03:52.383265+00:00,TP_HIT,29.99,69.09,39.9122,71.4081,,,,,
BTCUSDT_2380,BTCUSDT,LONG,118426.71875,117040.164286,119813.273214,121893.104911,121893.104911,2.927,2380,2026-07-04T06:03:52.383269+00:00,TP_HIT,30.41,72.16,39.5545,58.3495,,,,,
BTCUSDT_2382,BTCUSDT,LONG,118368.125,116901.581027,119834.668973,122034.484933,122034.484933,3.0974,2382,2026-07-04T06:03:52.383274+00:00,TP_HIT,30.27,72.11,35.0993,63.3347,,,,,
BTCUSDT_2383,BTCUSDT,LONG,118798.289062,117309.064286,120287.513839,122521.351004,122521.351004,3.1339,2383,2026-07-04T06:03:52.408968+00:00,TP_HIT,30.23,63.96,35.8384,65.2055,,,,,
BTCUSDT_2385,BTCUSDT,LONG,119306.8125,117838.152121,120775.472879,122978.463449,122978.463449,3.0775,2385,2026-07-04T06:03:52.411300+00:00,TP_HIT,28.75,71.5,39.8099,74.4283,,,,,
BTCUSDT_2402,BTCUSDT,LONG,122809.148438,120664.460491,124953.836384,128170.868304,120664.460491,-1.7464,2402,2026-07-04T06:03:52.417863+00:00,SL_HIT,25.62,62.39,19.2857,62.8155,,,,,
BTCUSDT_2407,BTCUSDT,SHORT,118269.46875,120843.877567,115695.059933,111833.446708,111833.446708,5.4418,2407,2026-07-04T06:03:52.490439+00:00,TP_HIT,25.62,62.66,19.8149,47.008,,,,,
BTCUSDT_2428,BTCUSDT,SHORT,115407.0625,116656.100781,114158.024219,112284.466797,116656.100781,-1.0823,2428,2026-07-04T06:03:52.452634+00:00,SL_HIT,26.13,70.45,47.8347,35.2288,,,,,
BTCUSDT_2429,BTCUSDT,SHORT,115287.9375,116516.638393,114059.236607,112216.185268,116516.638393,-1.0658,2429,2026-07-04T06:03:52.452644+00:00,SL_HIT,27.7,66.85,48.7331,29.4573,,,,,
BTCUSDT_2430,BTCUSDT,SHORT,115053.335938,116287.746205,113818.92567,111967.310268,116287.746205,-1.0729,2430,2026-07-04T06:03:52.452652+00:00,SL_HIT,28.32,64.15,49.6439,26.63,,,,,
BTCUSDT_2433,BTCUSDT,SHORT,116241.859375,117693.730134,114789.988616,112612.182478,112612.182478,3.1225,2433,2026-07-04T06:03:52.467073+00:00,TP_HIT,28.08,65.48,41.3566,37.2478,,,,,
BTCUSDT_2437,BTCUSDT,SHORT,113787.046875,115780.839174,111793.254576,108802.566127,115780.839174,-1.7522,2437,2026-07-04T06:03:52.490452+00:00,SL_HIT,24.86,69.39,40.8838,25.924,,,,,
BTCUSDT_2438,BTCUSDT,SHORT,113166.703125,115235.563058,111097.843192,107994.553292,115235.563058,-1.8282,2438,2026-07-04T06:03:52.490460+00:00,SL_HIT,24.86,64.08,42.5001,21.7853,,,,,
BTCUSDT_2439,BTCUSDT,SHORT,112828.023438,114943.692411,110712.354464,107538.851004,114943.692411,-1.8751,2439,2026-07-04T06:03:52.490465+00:00,SL_HIT,24.86,60.6,43.9708,21.1287,,,,,
BTCUSDT_2462,BTCUSDT,LONG,115092.039062,112915.277567,117268.800558,120533.942801,112915.277567,-1.8913,2462,2026-07-04T06:03:52.506761+00:00,SL_HIT,24.5,64.88,34.5165,59.5732,,,,,
BTCUSDT_2474,BTCUSDT,SHORT,110787.195312,112948.519196,108625.871429,105383.885603,112948.519196,-1.9509,2474,2026-07-04T06:03:52.532840+00:00,SL_HIT,24.86,62.61,43.6577,26.908,,,,,
BTCUSDT_2498,BTCUSDT,SHORT,108279.335938,110517.701228,106040.970647,102683.422712,110517.701228,-2.0672,2498,2026-07-04T06:03:52.579163+00:00,SL_HIT,25.11,61.89,29.2815,34.5984,,,,,
BTCUSDT_2502,BTCUSDT,SHORT,108708.304688,110666.790067,106749.819308,103812.091239,110666.790067,-1.8016,2502,2026-07-04T06:03:52.583172+00:00,SL_HIT,24.86,64.94,41.7028,29.45,,,,,
BTCUSDT_2512,BTCUSDT,SHORT,107691.960938,108900.354576,106483.567299,104670.976842,108900.354576,-1.1221,2512,2026-07-04T06:03:52.569943+00:00,SL_HIT,28.38,66.12,60.9407,41.7397,,,,,
BTCUSDT_2518,BTCUSDT,LONG,110348.945312,108477.193415,112220.69721,115028.325056,115028.325056,4.2405,2518,2026-07-04T06:03:52.670079+00:00,TP_HIT,24.5,67.54,34.7634,61.1455,,,,,
BTCUSDT_2577,BTCUSDT,LONG,115507.789062,114054.457812,116961.120313,119141.117188,114054.457812,-1.2582,2577,2026-07-04T06:03:52.758811+00:00,SL_HIT,26.09,65.54,25.2098,84.3754,,,,,
BTCUSDT_2588,BTCUSDT,LONG,115818.53125,114466.734263,117170.328237,119198.023717,114466.734263,-1.1672,2588,2026-07-04T06:03:52.706091+00:00,SL_HIT,26.04,61.42,72.9597,67.5243,,,,,
BTCUSDT_2638,BTCUSDT,SHORT,114676.945312,115433.836272,113920.054353,112784.717913,112784.717913,1.6501,2638,2026-07-04T06:03:52.758819+00:00,TP_HIT,29.21,60.42,42.1144,40.9303,,,,,
BTCUSDT_2639,BTCUSDT,SHORT,112604.617188,113610.467634,111598.766741,110089.991071,113610.467634,-0.8933,2639,2026-07-04T06:03:52.778958+00:00,SL_HIT,26.18,70.47,46.071,15.9258,,,,,
BTCUSDT_2641,BTCUSDT,SHORT,112926.960938,114048.678348,111805.243527,110122.667411,110122.667411,2.4833,2641,2026-07-04T06:03:52.793835+00:00,TP_HIT,28.22,70.24,55.3042,13.6666,,,,,
BTCUSDT_2642,BTCUSDT,SHORT,112236.992188,113433.487946,111040.496429,109245.75279,113433.487946,-1.066,2642,2026-07-04T06:03:52.778971+00:00,SL_HIT,25.15,61.85,57.1689,11.8782,,,,,
BTCUSDT_2644,BTCUSDT,SHORT,112370.6875,113768.36942,110973.00558,108876.482701,113768.36942,-1.2438,2644,2026-07-04T06:03:52.778977+00:00,SL_HIT,26.64,61.16,62.1674,18.6807,,,,,
BTCUSDT_2658,BTCUSDT,SHORT,111380.210938,113017.965848,109742.456027,107285.823661,113017.965848,-1.4704,2658,2026-07-04T06:03:52.834525+00:00,SL_HIT,29.38,61.83,43.0675,42.6185,,,,,
BTCUSDT_2659,BTCUSDT,SHORT,111532.453125,113152.446094,109912.460156,107482.470703,113152.446094,-1.4525,2659,2026-07-04T06:03:52.834535+00:00,SL_HIT,28.08,67.16,41.4832,36.6895,,,,,
BTCUSDT_2660,BTCUSDT,SHORT,109417.929688,111351.036272,107484.823103,104585.163225,111351.036272,-1.7667,2660,2026-07-04T06:03:52.826065+00:00,SL_HIT,24.86,68.97,41.5986,27.664,,,,,
BTCUSDT_2661,BTCUSDT,SHORT,109041.296875,110975.757478,107106.836272,104205.145368,110975.757478,-1.7741,2661,2026-07-04T06:03:52.826078+00:00,SL_HIT,24.86,60.85,41.3412,26.7628,,,,,
BTCUSDT_2663,BTCUSDT,SHORT,109342.929688,111209.990737,107475.868638,104675.277065,111209.990737,-1.7075,2663,2026-07-04T06:03:52.826084+00:00,SL_HIT,25.62,64.59,38.8047,32.4756,,,,,
BTCUSDT_2683,BTCUSDT,LONG,113873.539062,112710.179576,115036.898549,116781.937779,116781.937779,2.5541,2683,2026-07-04T06:03:52.854280+00:00,TP_HIT,31.8,70.54,59.6297,88.7286,,,,,
BTCUSDT_2684,BTCUSDT,LONG,114370.828125,113146.135045,115595.521205,117432.560826,113146.135045,-1.0708,2684,2026-07-04T06:03:52.843834+00:00,SL_HIT,30.13,64.45,61.4692,91.1314,,,,,
BTCUSDT_2685,BTCUSDT,LONG,114396.523438,113152.524554,115640.522321,117506.520647,113152.524554,-1.0874,2685,2026-07-04T06:03:52.843846+00:00,SL_HIT,31.01,62.32,63.7905,91.0478,,,,,
BTCUSDT_2690,BTCUSDT,LONG,114451.210938,112762.892299,116139.529576,118672.007533,118672.007533,3.6879,2690,2026-07-04T06:03:52.861928+00:00,TP_HIT,33.01,68.03,75.6327,80.826,,,,,
BTCUSDT_2694,BTCUSDT,LONG,116769.90625,115040.899777,118498.912723,121092.422433,121092.422433,3.7017,2694,2026-07-04T06:03:52.878025+00:00,TP_HIT,28.61,71.45,73.1877,79.6019,,,,,
BTCUSDT_2695,BTCUSDT,LONG,117421.914062,115582.472768,119261.355357,122020.517299,122020.517299,3.9163,2695,2026-07-04T06:03:52.878033+00:00,TP_HIT,27.78,62.58,72.366,81.0722,,,,,
BTCUSDT_2700,BTCUSDT,LONG,118811.609375,116971.524219,120651.694531,123411.822266,123411.822266,3.8719,2700,2026-07-04T06:03:52.879678+00:00,TP_HIT,27.78,61.74,62.4892,76.5681,,,,,
BTCUSDT_2701,BTCUSDT,LONG,119966.578125,118052.696987,121880.459263,124751.280971,124751.280971,3.9884,2701,2026-07-04T06:03:52.892858+00:00,TP_HIT,28.26,70.14,62.0603,85.4056,,,,,
BTCUSDT_2706,BTCUSDT,LONG,120438.4375,118528.393415,122348.481585,125213.547712,125213.547712,3.9648,2706,2026-07-04T06:03:52.892866+00:00,TP_HIT,27.78,62.08,72.7372,84.9692,,,,,
BTCUSDT_2713,BTCUSDT,LONG,121813.265625,119970.935491,123655.595759,126419.09096,119970.935491,-1.5124,2713,2026-07-04T06:03:52.936691+00:00,SL_HIT,27.78,61.06,77.4295,71.8365,,,,,
BTCUSDT_2714,BTCUSDT,LONG,121952.351562,120120.866629,123783.836496,126531.063895,120120.866629,-1.5018,2714,2026-07-04T06:03:52.936702+00:00,SL_HIT,28.13,60.83,76.9222,71.4146,,,,,
BTCUSDT_2716,BTCUSDT,LONG,123789.421875,122000.030022,125578.813728,128262.901507,122000.030022,-1.4455,2716,2026-07-04T06:03:52.916984+00:00,SL_HIT,24.7,62.07,71.9654,70.6322,,,,,
BTCUSDT_2717,BTCUSDT,LONG,124878.234375,122964.841406,126791.627344,129661.716797,122964.841406,-1.5322,2717,2026-07-04T06:03:52.895437+00:00,SL_HIT,27.05,66.44,69.2893,76.253,,,,,
BTCUSDT_2722,BTCUSDT,LONG,123893.648438,122106.717522,125680.579353,128360.975725,122106.717522,-1.4423,2722,2026-07-04T06:03:52.916994+00:00,SL_HIT,26.77,60.13,54.8135,57.55,,,,,
BTCUSDT_2749,BTCUSDT,SHORT,119072.296875,121820.477009,116324.116741,112201.84654,112201.84654,5.77,2749,2026-07-04T06:03:52.949662+00:00,TP_HIT,24.5,61.37,18.1419,39.8552,,,,,
BTCUSDT_2750,BTCUSDT,SHORT,116787.390625,119752.23471,113822.54654,109375.280413,109375.280413,6.3467,2750,2026-07-04T06:03:52.949670+00:00,TP_HIT,24.86,63.1,21.3048,26.5667,,,,,
BTCUSDT_2751,BTCUSDT,SHORT,113236.429688,117551.578125,108921.28125,102448.558594,102448.558594,9.5269,2751,2026-07-04T06:03:53.196121+00:00,TP_HIT,26.34,60.85,26.1657,21.8335,,,,,
BTCUSDT_2785,BTCUSDT,SHORT,108573.742188,111584.311496,105563.172879,101047.318917,111584.311496,-2.7728,2785,2026-07-04T06:03:53.030833+00:00,SL_HIT,26.34,63.05,33.8938,37.0617,,,,,
BTCUSDT_2786,BTCUSDT,SHORT,108320.664062,111249.408705,105391.91942,100998.802455,111249.408705,-2.7038,2786,2026-07-04T06:03:53.029188+00:00,SL_HIT,26.34,60.8,35.8762,36.7922,,,,,
BTCUSDT_2847,BTCUSDT,LONG,114479.851562,113146.858147,115812.844978,117812.3351,113146.858147,-1.1644,2847,2026-07-04T06:03:53.130461+00:00,SL_HIT,25.72,70.29,48.7132,88.2142,,,,,
BTCUSDT_2849,BTCUSDT,LONG,115579.359375,114192.218304,116966.500446,119047.212054,114192.218304,-1.2002,2849,2026-07-04T06:03:53.122065+00:00,SL_HIT,25.26,60.53,56.496,88.4368,,,,,
BTCUSDT_2855,BTCUSDT,LONG,114215.25,112564.689174,115865.810826,118341.652065,112564.689174,-1.4451,2855,2026-07-04T06:03:53.130471+00:00,SL_HIT,26.64,61.92,66.5362,68.8543,,,,,
BTCUSDT_2870,BTCUSDT,SHORT,106452.898438,109622.186161,103283.610714,98529.679129,109622.186161,-2.9772,2870,2026-07-04T06:03:53.147321+00:00,SL_HIT,26.34,63.57,35.8735,20.1612,,,,,
BTCUSDT_2893,BTCUSDT,SHORT,105821.195312,107627.810714,104014.579911,101304.656808,101304.656808,4.2681,2893,2026-07-04T06:03:53.196130+00:00,TP_HIT,24.86,62.4,26.2499,25.2629,,,,,
BTCUSDT_2895,BTCUSDT,SHORT,106541.421875,108664.459598,104418.384152,101233.827567,101233.827567,4.9817,2895,2026-07-04T06:03:53.196135+00:00,TP_HIT,25.62,60.98,30.9594,32.0364,,,,,
BTCUSDT_2897,BTCUSDT,SHORT,104495.375,107037.825781,101952.924219,98139.248047,107037.825781,-2.4331,2897,2026-07-04T06:03:53.256425+00:00,SL_HIT,24.86,66.19,37.3906,28.3815,,,,,
BTCUSDT_2899,BTCUSDT,SHORT,103363.5625,106095.248326,100631.876674,96534.347935,106095.248326,-2.6428,2899,2026-07-04T06:03:53.245019+00:00,SL_HIT,26.34,67.95,41.1076,21.3812,,,,,
BTCUSDT_2934,BTCUSDT,LONG,106184.195312,104447.585045,107920.80558,110525.720982,104447.585045,-1.6355,2934,2026-07-04T06:03:53.259796+00:00,SL_HIT,24.5,60.01,25.3359,74.3299,,,,,
BTCUSDT_2936,BTCUSDT,LONG,105806.75,103903.462946,107710.037054,110564.967634,103903.462946,-1.7988,2936,2026-07-04T06:03:53.259806+00:00,SL_HIT,25.0,63.86,28.0845,73.5104,,,,,
BTCUSDT_2954,BTCUSDT,SHORT,98650.992188,101547.78683,95754.197545,91409.00558,91409.00558,7.341,2954,2026-07-04T06:03:53.316739+00:00,TP_HIT,26.34,60.52,18.435,28.4148,,,,,
BTCUSDT_2963,BTCUSDT,SHORT,96275.25,99846.357589,92704.142411,87347.481027,87347.481027,9.2732,2963,2026-07-04T06:03:53.316752+00:00,TP_HIT,26.34,62.25,37.2018,33.4189,,,,,
BTCUSDT_2964,BTCUSDT,SHORT,95620.632812,99087.301228,92153.964397,86953.961775,86953.961775,9.0636,2964,2026-07-04T06:03:53.316759+00:00,TP_HIT,26.34,64.39,40.335,29.5586,,,,,
BTCUSDT_3034,BTCUSDT,LONG,92738.070312,89730.129687,95746.010938,100257.921875,89730.129687,-3.2435,3034,2026-07-04T06:03:53.420805+00:00,SL_HIT,25.2,66.7,31.8848,54.9658,,,,,
BTCUSDT_3128,BTCUSDT,SHORT,84542.445312,87212.876897,81872.013728,77866.36635,87212.876897,-3.1587,3128,2026-07-04T06:03:53.536800+00:00,SL_HIT,25.7,67.77,29.9681,36.5176,,,,,
BTCUSDT_3148,BTCUSDT,LONG,88758.171875,87707.438951,89808.904799,91385.004185,87707.438951,-1.1838,3148,2026-07-04T06:03:53.576336+00:00,SL_HIT,26.63,60.6,28.8707,66.5334,,,,,
BTCUSDT_3150,BTCUSDT,LONG,89919.90625,88841.508371,90998.304129,92615.900949,88841.508371,-1.1993,3150,2026-07-04T06:03:53.569568+00:00,SL_HIT,26.92,66.02,32.185,73.7811,,,,,
BTCUSDT_3155,BTCUSDT,SHORT,87509.335938,89201.104911,85817.566964,83279.913504,89201.104911,-1.9332,3155,2026-07-04T06:03:53.603252+00:00,SL_HIT,24.5,64.9,32.6345,43.6514,,,,,
BTCUSDT_3190,BTCUSDT,LONG,90032.414062,89264.1375,90800.690625,91953.105469,89264.1375,-0.8533,3190,2026-07-04T06:03:53.631666+00:00,SL_HIT,30.26,65.34,21.4806,83.981,,,,,
BTCUSDT_3216,BTCUSDT,LONG,89428.804688,88377.532366,90480.077009,92056.985491,92056.985491,2.9389,3216,2026-07-04T06:03:53.687255+00:00,TP_HIT,28.28,63.13,22.7566,62.4449,,,,,
BTCUSDT_3219,BTCUSDT,LONG,89945.054688,88670.62154,91219.487835,93131.137556,93131.137556,3.5423,3219,2026-07-04T06:03:53.687265+00:00,TP_HIT,31.55,69.28,28.3203,77.9561,,,,,
BTCUSDT_3223,BTCUSDT,LONG,89927.828125,88573.741964,91281.914286,93313.043527,93313.043527,3.7644,3223,2026-07-04T06:03:53.691486+00:00,TP_HIT,26.06,65.88,41.1039,79.4492,,,,,
BTCUSDT_3224,BTCUSDT,LONG,90056.625,88718.396317,91394.853683,93402.196708,93402.196708,3.715,3224,2026-07-04T06:03:53.691499+00:00,TP_HIT,32.2,61.47,42.8736,78.0367,,,,,
BTCUSDT_3226,BTCUSDT,LONG,91205.828125,89783.047656,92628.608594,94762.779297,89783.047656,-1.56,3226,2026-07-04T06:03:53.712918+00:00,SL_HIT,27.05,62.08,47.5941,81.7944,,,,,
BTCUSDT_3229,BTCUSDT,LONG,91270.453125,89927.967522,92612.938728,94626.667132,94626.667132,3.6772,3229,2026-07-04T06:03:53.696452+00:00,TP_HIT,31.91,63.03,56.338,76.7171,,,,,
BTCUSDT_3232,BTCUSDT,LONG,92845.640625,91706.020647,93985.260603,95694.690569,91706.020647,-1.2274,3232,2026-07-04T06:03:53.704131+00:00,SL_HIT,28.71,65.82,60.1868,78.1633,,,,,
BTCUSDT_3235,BTCUSDT,LONG,93883.945312,92631.088058,95136.802567,97016.088449,92631.088058,-1.3345,3235,2026-07-04T06:03:53.704140+00:00,SL_HIT,26.54,70.61,61.8707,86.7379,,,,,
BTCUSDT_3236,BTCUSDT,LONG,94225.585938,92883.586496,95567.585379,97580.584542,92883.586496,-1.4242,3236,2026-07-04T06:03:53.704148+00:00,SL_HIT,26.07,60.83,64.1791,87.1357,,,,,
BTCUSDT_3240,BTCUSDT,LONG,93789.015625,92366.826786,95211.204464,97344.487723,92366.826786,-1.5164,3240,2026-07-04T06:03:53.704153+00:00,SL_HIT,26.66,60.53,66.193,70.9346,,,,,
BTCUSDT_3274,BTCUSDT,LONG,91719.34375,90950.817076,92487.870424,93640.660435,90950.817076,-0.8379,3274,2026-07-04T06:03:53.749344+00:00,SL_HIT,30.26,63.97,18.7285,81.9776,,,,,
BTCUSDT_3281,BTCUSDT,LONG,91853.820312,90395.53404,93312.106585,95499.535993,95499.535993,3.969,3281,2026-07-04T06:03:53.765813+00:00,TP_HIT,25.86,61.12,25.0034,63.8325,,,,,
BTCUSDT_3283,BTCUSDT,LONG,93283.03125,91605.621094,94960.441406,97476.556641,97476.556641,4.4955,3283,2026-07-04T06:03:53.771054+00:00,TP_HIT,24.5,66.14,31.045,70.7907,,,,,
BTCUSDT_3284,BTCUSDT,LONG,94194.648438,92396.379129,95992.917746,98690.321708,92396.379129,-1.9091,3284,2026-07-04T06:03:53.805128+00:00,SL_HIT,24.5,63.29,34.8061,74.3802,,,,,
BTCUSDT_3315,BTCUSDT,SHORT,93655.671875,94561.604241,92749.739509,91390.84096,91390.84096,2.4183,3315,2026-07-04T06:03:53.821757+00:00,TP_HIT,24.52,69.59,37.7909,39.457,,,,,
BTCUSDT_3316,BTCUSDT,SHORT,92642.5625,93649.097991,91636.027009,90126.223772,90126.223772,2.7162,3316,2026-07-04T06:03:53.826840+00:00,TP_HIT,24.52,69.81,41.5299,27.5002,,,,,
BTCUSDT_3317,BTCUSDT,SHORT,92792.71875,93738.83471,91846.60279,90427.42885,90427.42885,2.549,3317,2026-07-04T06:03:53.826847+00:00,TP_HIT,28.32,67.6,44.3457,21.2307,,,,,
BTCUSDT_3319,BTCUSDT,SHORT,93022.8125,94021.332366,92024.292634,90526.512835,90526.512835,2.6835,3319,2026-07-04T06:03:53.826853+00:00,TP_HIT,27.7,60.19,43.7162,28.5423,,,,,
BTCUSDT_3320,BTCUSDT,SHORT,93079.109375,94105.105357,92053.113393,90514.11942,90514.11942,2.7557,3320,2026-07-04T06:03:53.826858+00:00,TP_HIT,27.7,63.21,43.587,26.4066,,,,,
BTCUSDT_3321,BTCUSDT,SHORT,92553.601562,93663.561719,91443.641406,89778.701172,89778.701172,2.9982,3321,2026-07-04T06:03:53.828543+00:00,TP_HIT,29.38,68.69,45.6521,19.4666,,,,,
BTCUSDT_3322,BTCUSDT,SHORT,92357.453125,93500.311496,91214.594754,89500.307199,89500.307199,3.0936,3322,2026-07-04T06:03:53.828554+00:00,TP_HIT,28.7,61.21,46.253,19.743,,,,,
BTCUSDT_3323,BTCUSDT,SHORT,91076.867188,92388.842188,89764.892187,87796.929688,87796.929688,3.6013,3323,2026-07-04T06:03:53.835290+00:00,TP_HIT,24.51,63.54,48.3266,16.0059,,,,,
BTCUSDT_3324,BTCUSDT,SHORT,91146.757812,92506.397656,89787.117969,87747.658203,87747.658203,3.7293,3324,2026-07-04T06:03:53.835300+00:00,TP_HIT,28.08,60.89,50.3248,16.343,,,,,
BTCUSDT_3356,BTCUSDT,SHORT,86388.40625,87592.188393,85184.624107,83378.950893,87592.188393,-1.3935,3356,2026-07-04T06:03:53.879228+00:00,SL_HIT,27.19,60.63,14.6263,21.1463,,,,,
BTCUSDT_3382,BTCUSDT,SHORT,82581.664062,85141.278125,80022.05,76182.628906,76182.628906,7.7487,3382,2026-07-04T06:03:53.931382+00:00,TP_HIT,26.34,68.26,34.4687,24.9033,,,,,
BTCUSDT_3383,BTCUSDT,SHORT,82710.945312,85282.682254,80139.208371,76281.602958,76281.602958,7.7733,3383,2026-07-04T06:03:53.931392+00:00,TP_HIT,26.34,65.33,39.9704,20.1102,,,,,
BTCUSDT_3385,BTCUSDT,SHORT,82771.195312,85500.071652,80042.318973,75949.004464,75949.004464,8.2422,3385,2026-07-04T06:03:53.942700+00:00,TP_HIT,26.34,61.11,43.9965,22.2178,,,,,
BTCUSDT_3529,BTCUSDT,SHORT,65696.835938,67167.605692,64226.066183,62019.911551,67167.605692,-2.2387,3529,2026-07-04T06:03:54.141450+00:00,SL_HIT,24.5,61.74,30.137,35.0217,,,,,
BTCUSDT_3532,BTCUSDT,SHORT,63548.023438,65334.995536,61761.051339,59080.593192,65334.995536,-2.812,3532,2026-07-04T06:03:54.138048+00:00,SL_HIT,26.34,63.21,42.7239,22.205,,,,,
BTCUSDT_3634,BTCUSDT,LONG,71403.625,69649.047879,73158.202121,75790.067801,75790.067801,6.1432,3634,2026-07-04T06:03:54.310630+00:00,TP_HIT,24.5,68.48,32.3578,61.7429,,,,,
BTCUSDT_3636,BTCUSDT,LONG,72254.34375,70485.444978,74023.242522,76676.590681,70485.444978,-2.4482,3636,2026-07-04T06:03:54.283673+00:00,SL_HIT,25.0,66.99,35.8428,70.9787,,,,,
BTCUSDT_3652,BTCUSDT,LONG,73661.484375,72364.242857,74958.725893,76904.58817,72364.242857,-1.7611,3652,2026-07-04T06:03:54.319475+00:00,SL_HIT,25.11,70.05,46.0545,76.2952,,,,,
BTCUSDT_3687,BTCUSDT,SHORT,68737.445312,70226.362723,67248.527902,65015.151786,70226.362723,-2.1661,3687,2026-07-04T06:03:54.360746+00:00,SL_HIT,24.5,69.8,40.0574,43.8072,,,,,
BTCUSDT_3688,BTCUSDT,SHORT,69332.070312,70794.398549,67869.742076,65676.249721,70794.398549,-2.1092,3688,2026-07-04T06:03:54.360757+00:00,SL_HIT,24.5,61.73,36.9449,41.8765,,,,,
BTCUSDT_3690,BTCUSDT,SHORT,68216.140625,69612.107924,66820.173326,64726.222377,69612.107924,-2.0464,3690,2026-07-04T06:03:54.360765+00:00,SL_HIT,24.86,68.12,31.3398,27.9681,,,,,
BTCUSDT_3719,BTCUSDT,SHORT,68418.726562,69987.775112,66849.678013,64496.10519,69987.775112,-2.2933,3719,2026-07-04T06:03:54.483127+00:00,SL_HIT,24.5,65.24,25.8684,32.0595,,,,,
BTCUSDT_3720,BTCUSDT,SHORT,66668.679688,68440.353795,64897.00558,62239.49442,68440.353795,-2.6574,3720,2026-07-04T06:03:54.442391+00:00,SL_HIT,25.2,66.32,28.4743,22.5528,,,,,
BTCUSDT_3721,BTCUSDT,SHORT,66089.65625,67914.52779,64264.78471,61527.4774,67914.52779,-2.7612,3721,2026-07-04T06:03:54.423862+00:00,SL_HIT,26.34,61.82,30.6724,19.1002,,,,,
BTCUSDT_3722,BTCUSDT,SHORT,66041.453125,67806.850335,64276.055915,61627.9601,67806.850335,-2.6732,3722,2026-07-04T06:03:54.422212+00:00,SL_HIT,26.34,68.74,33.9619,10.3753,,,,,
BTCUSDT_3724,BTCUSDT,SHORT,66167.835938,67779.22567,64556.446205,62139.361607,67779.22567,-2.4353,3724,2026-07-04T06:03:54.422227+00:00,SL_HIT,24.86,60.22,42.7995,15.4645,,,,,
BTCUSDT_3780,BTCUSDT,LONG,69595.945312,68601.713504,70590.177121,72081.524833,68601.713504,-1.4286,3780,2026-07-04T06:03:54.488951+00:00,SL_HIT,29.67,64.14,29.5395,85.3935,,,,,
BTCUSDT_3825,BTCUSDT,LONG,74532.742188,72918.847321,76146.637054,78567.479353,78567.479353,5.4134,3825,2026-07-04T06:03:54.616131+00:00,TP_HIT,24.5,65.39,32.6858,59.8202,,,,,
BTCUSDT_3846,BTCUSDT,LONG,75622.578125,73925.876228,77319.280022,79864.332868,73925.876228,-2.2436,3846,2026-07-04T06:03:54.590291+00:00,SL_HIT,25.0,62.5,38.9743,60.8448,,,,,
BTCUSDT_3881,BTCUSDT,LONG,78086.140625,76302.068415,79870.212835,82546.32115,76302.068415,-2.2847,3881,2026-07-04T06:03:54.661263+00:00,SL_HIT,25.62,61.1,27.1153,62.9912,,,,,
BTCUSDT_3907,BTCUSDT,SHORT,76772.921875,78038.611161,75507.232589,73608.698661,78038.611161,-1.6486,3907,2026-07-04T06:03:54.684996+00:00,SL_HIT,24.5,61.51,22.2506,43.4543,,,,,
BTCUSDT_3937,BTCUSDT,LONG,78483.523438,77443.925,79523.121875,81082.519531,81082.519531,3.3115,3937,2026-07-04T06:03:54.719300+00:00,TP_HIT,28.27,61.54,34.3984,81.1654,,,,,
BTCUSDT_3946,BTCUSDT,LONG,80319.601562,79262.894085,81376.30904,82961.370257,79262.894085,-1.3156,3946,2026-07-04T06:03:54.712635+00:00,SL_HIT,32.19,72.88,60.8397,73.6442,,,,,
BTCUSDT_3961,BTCUSDT,LONG,80842.0,78979.61875,82704.38125,85497.953125,78979.61875,-2.3037,3961,2026-07-04T06:03:54.783137+00:00,SL_HIT,25.62,60.57,42.3418,58.0828,,,,,
BTCUSDT_4002,BTCUSDT,SHORT,79288.789062,80724.705915,77852.87221,75698.996931,80724.705915,-1.811,4002,2026-07-04T06:03:54.793844+00:00,SL_HIT,24.5,63.44,40.7716,35.6317,,,,,
BTCUSDT_4012,BTCUSDT,SHORT,79113.296875,80991.10067,77235.49308,74418.787388,74418.787388,5.9339,4012,2026-07-04T06:03:54.865526+00:00,TP_HIT,24.5,65.41,33.833,39.956,,,,,
BTCUSDT_4027,BTCUSDT,SHORT,76881.648438,77970.238616,75793.058259,74160.172991,77970.238616,-1.4159,4027,2026-07-04T06:03:54.846483+00:00,SL_HIT,27.01,64.05,56.1306,23.1908,,,,,
BTCUSDT_4090,BTCUSDT,SHORT,72791.398438,74432.679018,71150.117857,68688.196987,68688.196987,5.6369,4090,2026-07-04T06:03:54.957525+00:00,TP_HIT,24.86,61.35,32.1099,17.1653,,,,,
BTCUSDT_4113,BTCUSDT,SHORT,72377.960938,73292.520647,71463.401228,70091.561663,70091.561663,3.159,4113,2026-07-04T06:03:54.950072+00:00,TP_HIT,27.06,60.2,23.5111,33.3824,,,,,
BTCUSDT_4114,BTCUSDT,SHORT,70988.242188,72040.713839,69935.770536,68357.063058,68357.063058,3.7065,4114,2026-07-04T06:03:54.957533+00:00,TP_HIT,25.41,63.79,22.2495,22.7761,,,,,
BTCUSDT_4117,BTCUSDT,SHORT,70839.507812,72182.663393,69496.352232,67481.618862,67481.618862,4.7401,4117,2026-07-04T06:03:54.957538+00:00,TP_HIT,24.86,60.45,29.0633,20.6448,,,,,
BTCUSDT_4118,BTCUSDT,SHORT,70011.0625,71484.546317,68537.578683,66327.352958,66327.352958,5.2616,4118,2026-07-04T06:03:54.960844+00:00,TP_HIT,24.86,61.85,34.0555,18.2704,,,,,
BTCUSDT_4119,BTCUSDT,SHORT,69349.992188,70878.439286,67821.545089,65528.874442,65528.874442,5.5099,4119,2026-07-04T06:03:54.962503+00:00,TP_HIT,24.86,65.49,39.8575,12.7278,,,,,
BTCUSDT_4186,BTCUSDT,LONG,64258.019531,63056.387946,65459.651116,67262.098493,63056.387946,-1.87,4186,2026-07-04T06:03:55.105404+00:00,SL_HIT,24.5,61.48,33.4592,70.9985,,,,,
BTCUSDT_4194,BTCUSDT,LONG,65707.5,64739.169308,66675.830692,68128.32673,64739.169308,-1.4737,4194,2026-07-04T06:03:55.092910+00:00,SL_HIT,32.73,73.09,44.2481,77.1551,,,,,
BTCUSDT_4195,BTCUSDT,LONG,65871.351562,64894.317187,66848.385938,68313.9375,64894.317187,-1.4832,4195,2026-07-04T06:03:55.092922+00:00,SL_HIT,31.53,63.4,44.2074,77.942,,,,,
BTCUSDT_4197,BTCUSDT,LONG,66190.0,65143.719364,67236.280636,68805.70159,65143.719364,-1.5807,4197,2026-07-04T06:03:55.092927+00:00,SL_HIT,27.83,64.62,47.6264,77.5857,,,,,
BTCUSDT_4244,BTCUSDT,SHORT,62805.5,64109.915402,61501.084598,59544.461496,59544.461496,5.1923,4244,2026-07-04T06:03:55.162666+00:00,TP_HIT,24.5,69.8,41.3971,35.6331,,,,,
BTCUSDT_4245,BTCUSDT,SHORT,62432.789062,63830.644252,61034.933873,58938.151088,58938.151088,5.5974,4245,2026-07-04T06:03:55.168853+00:00,TP_HIT,24.5,63.87,39.029,31.5682,,,,,
BTCUSDT_4251,BTCUSDT,SHORT,62835.289062,64215.871987,61454.706138,59383.831752,59383.831752,5.4929,4251,2026-07-04T06:03:55.162677+00:00,TP_HIT,24.5,61.3,27.0343,37.095,,,,,
BTCUSDT_4252,BTCUSDT,SHORT,60202.0,61867.250112,58536.749888,56038.874721,61867.250112,-2.7661,4252,2026-07-04T06:03:55.167011+00:00,SL_HIT,25.2,67.0,28.8418,19.6443,,,,,
BTCUSDT_4253,BTCUSDT,SHORT,59874.738281,61644.110658,58105.365904,55451.307338,61644.110658,-2.9551,4253,2026-07-04T06:03:55.167025+00:00,SL_HIT,26.34,65.42,31.303,12.9116,,,,,
BTCUSDT_4258,BTCUSDT,SHORT,59459.929688,61615.963058,57303.896317,54069.846261,61615.963058,-3.626,4258,2026-07-04T06:03:55.235361+00:00,SL_HIT,26.34,62.54,44.4728,31.0596,,,,,
ETHUSDT_238,ETHUSDT,LONG,2607.556885,2548.192324,2666.921446,2755.968288,2548.192324,-2.2766,238,2026-07-04T06:03:55.356838+00:00,SL_HIT,21.3,65.05,38.0578,62.5661,,,,,
ETHUSDT_286,ETHUSDT,SHORT,2744.999756,2803.48042,2686.519092,2598.798096,2598.798096,5.3261,286,2026-07-04T06:03:55.410348+00:00,TP_HIT,22.03,68.81,61.5433,48.9831,,,,,
ETHUSDT_287,ETHUSDT,SHORT,2735.238037,2790.109347,2680.366727,2598.059762,2598.059762,5.0152,287,2026-07-04T06:03:55.410359+00:00,TP_HIT,22.03,66.49,57.7204,41.3038,,,,,
ETHUSDT_289,ETHUSDT,SHORT,2726.968994,2784.166863,2669.771125,2583.974322,2583.974322,5.2437,289,2026-07-04T06:03:55.410364+00:00,TP_HIT,22.03,66.41,51.3532,39.4817,,,,,
ETHUSDT_290,ETHUSDT,SHORT,2682.104004,2742.48298,2621.725028,2531.156564,2531.156564,5.6279,290,2026-07-04T06:03:55.415077+00:00,TP_HIT,21.3,67.01,48.4014,30.992,,,,,
ETHUSDT_292,ETHUSDT,SHORT,2685.236572,2742.746327,2627.726817,2541.462184,2541.462184,5.3543,292,2026-07-04T06:03:55.415085+00:00,TP_HIT,21.34,68.54,46.3945,18.1736,,,,,
ETHUSDT_294,ETHUSDT,SHORT,2626.733154,2683.612106,2569.854203,2484.535775,2484.535775,5.4135,294,2026-07-04T06:03:55.415090+00:00,TP_HIT,21.3,62.78,46.1588,16.6305,,,,,
ETHUSDT_295,ETHUSDT,SHORT,2578.925293,2638.581526,2519.26906,2429.784712,2429.784712,5.7831,295,2026-07-04T06:03:55.415095+00:00,TP_HIT,21.3,60.42,47.3006,14.7333,,,,,
ETHUSDT_296,ETHUSDT,SHORT,2578.913818,2639.158196,2518.669441,2428.302874,2428.302874,5.8401,296,2026-07-04T06:03:55.415099+00:00,TP_HIT,21.3,61.59,48.6826,11.6591,,,,,
ETHUSDT_333,ETHUSDT,LONG,2538.356689,2462.173723,2614.539655,2728.814104,2462.173723,-3.0013,333,2026-07-04T06:03:55.461300+00:00,SL_HIT,21.3,62.02,50.1931,53.3509,,,,,
ETHUSDT_369,ETHUSDT,LONG,2297.89624,2226.669113,2369.123368,2475.964059,2475.964059,7.7492,369,2026-07-04T06:03:55.593394+00:00,TP_HIT,21.3,67.79,43.5415,51.3863,,,,,
ETHUSDT_370,ETHUSDT,LONG,2304.660889,2240.472545,2368.849233,2465.131749,2465.131749,6.9629,370,2026-07-04T06:03:55.593406+00:00,TP_HIT,21.3,66.69,41.3401,66.4873,,,,,
ETHUSDT_411,ETHUSDT,SHORT,2320.894531,2366.920843,2274.86822,2205.828753,2366.920843,-1.9831,411,2026-07-04T06:03:55.575055+00:00,SL_HIT,21.16,62.87,33.8182,27.9443,,,,,
ETHUSDT_436,ETHUSDT,LONG,2507.287109,2433.768108,2580.80611,2691.084612,2691.084612,7.3305,436,2026-07-04T06:03:55.630674+00:00,TP_HIT,21.3,65.74,39.4393,79.8661,,,,,
ETHUSDT_437,ETHUSDT,LONG,2562.581055,2484.640716,2640.521394,2757.431902,2484.640716,-3.0415,437,2026-07-04T06:03:55.702560+00:00,SL_HIT,21.3,63.59,42.9182,85.9828,,,,,
ETHUSDT_439,ETHUSDT,LONG,2560.865479,2479.538871,2642.192086,2764.181998,2479.538871,-3.1757,439,2026-07-04T06:03:55.702570+00:00,SL_HIT,21.3,60.54,50.7636,84.9532,,,,,
ETHUSDT_496,ETHUSDT,SHORT,2628.272461,2671.448511,2585.096411,2520.332336,2520.332336,4.1069,496,2026-07-04T06:03:55.700167+00:00,TP_HIT,21.16,63.86,35.7848,25.3779,,,,,
ETHUSDT_505,ETHUSDT,SHORT,2528.586182,2597.244423,2459.92794,2356.940578,2356.940578,6.7882,505,2026-07-04T06:03:55.712438+00:00,TP_HIT,21.3,65.88,41.4738,30.1146,,,,,
ETHUSDT_506,ETHUSDT,SHORT,2488.456543,2565.131571,2411.781515,2296.768973,2565.131571,-3.0812,506,2026-07-04T06:03:55.797952+00:00,SL_HIT,21.3,65.37,44.9591,23.2429,,,,,
ETHUSDT_507,ETHUSDT,SHORT,2448.877197,2531.896014,2365.858381,2241.330157,2531.896014,-3.3901,507,2026-07-04T06:03:55.793967+00:00,SL_HIT,21.3,64.39,49.5797,17.3679,,,,,
ETHUSDT_580,ETHUSDT,LONG,2519.12793,2473.875966,2564.379893,2632.257839,2632.257839,4.4908,580,2026-07-04T06:03:55.797961+00:00,TP_HIT,22.03,67.77,45.7541,66.2444,,,,,
ETHUSDT_581,ETHUSDT,LONG,2533.825439,2488.19225,2579.458629,2647.908412,2647.908412,4.5024,581,2026-07-04T06:03:55.801219+00:00,TP_HIT,22.03,68.81,48.9756,76.3073,,,,,
ETHUSDT_607,ETHUSDT,LONG,2656.254639,2591.810941,2720.698336,2817.363883,2591.810941,-2.4261,607,2026-07-04T06:03:55.868940+00:00,SL_HIT,21.3,60.39,34.3004,57.8339,,,,,
ETHUSDT_619,ETHUSDT,LONG,2705.599854,2662.239579,2748.960128,2814.000541,2662.239579,-1.6026,619,2026-07-04T06:03:55.859505+00:00,SL_HIT,22.03,64.16,46.5088,67.1325,,,,,
ETHUSDT_620,ETHUSDT,LONG,2699.311523,2656.936597,2741.68645,2805.24884,2656.936597,-1.5698,620,2026-07-04T06:03:55.864805+00:00,SL_HIT,22.03,64.21,51.2978,72.5293,,,,,
ETHUSDT_621,ETHUSDT,LONG,2745.847168,2702.373357,2789.320979,2854.531695,2702.373357,-1.5833,621,2026-07-04T06:03:55.857863+00:00,SL_HIT,22.03,60.53,55.8246,74.2505,,,,,
ETHUSDT_711,ETHUSDT,SHORT,2396.013428,2459.360219,2332.666636,2237.646449,2459.360219,-2.6438,711,2026-07-04T06:03:55.987927+00:00,SL_HIT,21.3,61.63,46.2351,26.3619,,,,,
ETHUSDT_718,ETHUSDT,LONG,2576.647217,2485.029056,2668.265377,2805.692618,2805.692618,8.8893,718,2026-07-04T06:03:56.004488+00:00,TP_HIT,21.3,68.52,50.3315,66.7058,,,,,
ETHUSDT_723,ETHUSDT,LONG,2724.005859,2615.177271,2832.834448,2996.077332,2996.077332,9.9879,723,2026-07-04T06:03:56.019989+00:00,TP_HIT,21.44,64.49,43.918,81.2977,,,,,
ETHUSDT_724,ETHUSDT,LONG,2853.005859,2726.423584,2979.588135,3169.461548,3169.461548,11.092,724,2026-07-04T06:03:56.029693+00:00,TP_HIT,21.44,64.55,44.5631,87.4899,,,,,
ETHUSDT_730,ETHUSDT,LONG,2901.788818,2764.122123,3039.455514,3245.955558,3245.955558,11.8605,730,2026-07-04T06:03:56.034494+00:00,TP_HIT,21.44,63.59,64.7891,90.7159,,,,,
ETHUSDT_739,ETHUSDT,LONG,3043.177734,2951.129726,3135.225743,3273.297756,3273.297756,7.5618,739,2026-07-04T06:03:56.044097+00:00,TP_HIT,21.72,64.37,97.3227,87.616,,,,,
ETHUSDT_740,ETHUSDT,LONG,3071.436768,2971.490594,3171.382942,3321.302202,3321.302202,8.1351,740,2026-07-04T06:03:56.044106+00:00,TP_HIT,21.72,67.62,98.0067,96.5505,,,,,
ETHUSDT_823,ETHUSDT,LONG,3469.989502,3331.441389,3608.537615,3816.359785,3331.441389,-3.9928,823,2026-07-04T06:03:56.153552+00:00,SL_HIT,21.44,60.22,44.0611,82.5334,,,,,
ETHUSDT_867,ETHUSDT,LONG,3706.619873,3607.794713,3805.445033,3953.682774,3607.794713,-2.6662,867,2026-07-04T06:03:56.254132+00:00,SL_HIT,21.28,68.51,51.4254,69.8165,,,,,
ETHUSDT_871,ETHUSDT,LONG,3729.079346,3630.168178,3827.990513,3976.357265,3630.168178,-2.6524,871,2026-07-04T06:03:56.254142+00:00,SL_HIT,21.28,68.4,51.6179,73.8522,,,,,
ETHUSDT_883,ETHUSDT,SHORT,3565.045166,3686.603927,3443.486405,3261.148263,3686.603927,-3.4097,883,2026-07-04T06:03:56.267032+00:00,SL_HIT,21.3,60.44,41.2681,34.5798,,,,,
ETHUSDT_921,ETHUSDT,SHORT,3719.000488,3843.275038,3594.725938,3408.314113,3843.275038,-3.3416,921,2026-07-04T06:03:56.329943+00:00,SL_HIT,21.3,61.45,41.0384,11.2261,,,,,
ETHUSDT_950,ETHUSDT,SHORT,3858.626953,3969.806271,3747.447635,3580.678659,3969.806271,-2.8813,950,2026-07-04T06:03:56.366988+00:00,SL_HIT,21.3,60.27,39.4145,43.2875,,,,,
ETHUSDT_951,ETHUSDT,SHORT,3868.441162,3976.292313,3760.590011,3598.813285,3976.292313,-2.788,951,2026-07-04T06:03:56.366997+00:00,SL_HIT,21.3,61.46,39.4839,37.5899,,,,,
ETHUSDT_953,ETHUSDT,SHORT,3844.3125,3941.787943,3746.837057,3600.623893,3941.787943,-2.5356,953,2026-07-04T06:03:56.365338+00:00,SL_HIT,21.3,62.71,37.0351,43.4629,,,,,
ETHUSDT_1093,ETHUSDT,SHORT,3466.645264,3565.599906,3367.690622,3219.258658,3219.258658,7.1362,1093,2026-07-04T06:03:56.553444+00:00,TP_HIT,21.3,68.52,48.7329,28.5835,,,,,
ETHUSDT_1094,ETHUSDT,SHORT,3384.372314,3493.328439,3275.41619,3111.982003,3111.982003,8.0485,1094,2026-07-04T06:03:56.590929+00:00,TP_HIT,21.3,61.73,47.2959,24.5356,,,,,
ETHUSDT_1095,ETHUSDT,SHORT,3381.615479,3492.026161,3271.204796,3105.588771,3105.588771,8.1626,1095,2026-07-04T06:03:56.590942+00:00,TP_HIT,21.3,61.9,45.8939,21.1562,,,,,
ETHUSDT_1098,ETHUSDT,SHORT,3348.786865,3466.570033,3231.003697,3054.328945,3054.328945,8.793,1098,2026-07-04T06:03:56.590949+00:00,TP_HIT,21.3,64.14,46.0875,13.5968,,,,,
ETHUSDT_1298,ETHUSDT,LONG,2673.022705,2588.232516,2757.812894,2884.998178,2588.232516,-3.1721,1298,2026-07-04T06:03:56.817059+00:00,SL_HIT,21.3,61.68,36.0218,63.7432,,,,,
ETHUSDT_1338,ETHUSDT,LONG,2753.763428,2695.219545,2812.30731,2900.123134,2695.219545,-2.126,1338,2026-07-04T06:03:56.868388+00:00,SL_HIT,21.16,60.52,29.4098,56.3684,,,,,
ETHUSDT_1341,ETHUSDT,LONG,2743.113525,2667.073319,2819.153732,2933.214042,2667.073319,-2.772,1341,2026-07-04T06:03:56.873922+00:00,SL_HIT,21.3,62.23,33.828,61.681,,,,,
ETHUSDT_1418,ETHUSDT,LONG,2486.79248,2362.452856,2611.132104,2797.641541,2362.452856,-5.0,1418,2026-07-04T06:03:56.978981+00:00,SL_HIT,21.44,65.12,38.089,82.55,,,,,
ETHUSDT_1561,ETHUSDT,SHORT,2012.837891,2066.761143,1958.914638,1878.029759,1878.029759,6.6974,1561,2026-07-04T06:03:57.174368+00:00,TP_HIT,21.3,66.26,40.4868,36.9611,,,,,
ETHUSDT_1562,ETHUSDT,SHORT,2004.223633,2058.985127,1949.462139,1867.319898,1867.319898,6.8308,1562,2026-07-04T06:03:57.175982+00:00,TP_HIT,21.3,65.66,40.9962,27.8149,,,,,
ETHUSDT_1597,ETHUSDT,LONG,1920.465942,1855.829356,1985.102529,2082.057408,1855.829356,-3.3657,1597,2026-07-04T06:03:57.212512+00:00,SL_HIT,21.3,68.32,44.5941,69.9319,,,,,
ETHUSDT_1599,ETHUSDT,LONG,1905.484619,1842.227382,1968.741856,2063.627712,1842.227382,-3.3197,1599,2026-07-04T06:03:57.217611+00:00,SL_HIT,21.3,62.43,40.9274,73.0835,,,,,
ETHUSDT_1627,ETHUSDT,SHORT,1759.408447,1807.736708,1711.080186,1638.587795,1638.587795,6.8671,1627,2026-07-04T06:03:57.249104+00:00,TP_HIT,21.3,65.94,39.8404,34.1342,,,,,
ETHUSDT_1628,ETHUSDT,SHORT,1626.867798,1686.046235,1567.689361,1478.921705,1478.921705,9.0939,1628,2026-07-04T06:03:57.254723+00:00,TP_HIT,21.3,66.74,41.4357,22.1574,,,,,
ETHUSDT_1741,ETHUSDT,LONG,1808.675415,1748.09247,1869.25836,1960.132778,1748.09247,-3.3496,1741,2026-07-04T06:03:57.462906+00:00,SL_HIT,21.3,63.23,35.7488,57.2186,,,,,
ETHUSDT_1820,ETHUSDT,LONG,2127.59668,2045.231456,2209.961904,2333.509739,2333.509739,9.6782,1820,2026-07-04T06:03:57.544287+00:00,TP_HIT,21.44,61.2,30.2532,90.683,,,,,
ETHUSDT_1827,ETHUSDT,LONG,2345.806396,2228.516077,2463.096716,2639.032196,2639.032196,12.5,1827,2026-07-04T06:03:57.578489+00:00,TP_HIT,21.44,61.0,60.1086,87.1978,,,,,
ETHUSDT_1925,ETHUSDT,LONG,2580.601074,2520.189014,2641.013135,2731.631226,2520.189014,-2.341,1925,2026-07-04T06:03:57.699772+00:00,SL_HIT,21.3,63.61,35.5692,63.4818,,,,,
ETHUSDT_1942,ETHUSDT,LONG,2759.597168,2665.198587,2853.995748,2995.593619,2665.198587,-3.4207,1942,2026-07-04T06:03:57.720491+00:00,SL_HIT,21.3,63.94,35.8391,76.7027,,,,,
ETHUSDT_1971,ETHUSDT,LONG,2607.19751,2536.086618,2678.308402,2784.97474,2536.086618,-2.7275,1971,2026-07-04T06:03:57.788583+00:00,SL_HIT,21.3,67.22,45.8571,61.7804,,,,,
ETHUSDT_1987,ETHUSDT,SHORT,2592.716553,2661.150548,2524.282558,2421.631566,2421.631566,6.5987,1987,2026-07-04T06:03:57.790944+00:00,TP_HIT,21.3,61.17,41.581,46.5834,,,,,
ETHUSDT_1988,ETHUSDT,SHORT,2531.244385,2606.726988,2455.761782,2342.537877,2606.726988,-2.982,1988,2026-07-04T06:03:57.825717+00:00,SL_HIT,21.3,63.04,40.0831,38.5565,,,,,
ETHUSDT_1989,ETHUSDT,SHORT,2416.455078,2502.847827,2330.062329,2200.473206,2502.847827,-3.5752,1989,2026-07-04T06:03:57.798175+00:00,SL_HIT,21.3,66.57,41.1003,24.4643,,,,,
ETHUSDT_2016,ETHUSDT,LONG,2774.627686,2692.563895,2856.691476,2979.787162,2692.563895,-2.9577,2016,2026-07-04T06:03:57.855797+00:00,SL_HIT,21.3,64.09,38.4409,84.657,,,,,
ETHUSDT_2019,ETHUSDT,LONG,2813.739746,2708.829415,2918.650077,3076.015573,2708.829415,-3.7285,2019,2026-07-04T06:03:57.855629+00:00,SL_HIT,21.3,60.28,44.2457,80.069,,,,,
ETHUSDT_2023,ETHUSDT,LONG,2863.36499,2743.789826,2982.940154,3162.3029,2743.789826,-4.176,2023,2026-07-04T06:03:57.850775+00:00,SL_HIT,21.44,62.63,62.7956,82.3226,,,,,
ETHUSDT_2052,ETHUSDT,LONG,2617.290771,2553.552804,2681.028739,2776.63569,2553.552804,-2.4353,2052,2026-07-04T06:03:57.896126+00:00,SL_HIT,21.3,62.34,41.4963,65.82,,,,,
ETHUSDT_2053,ETHUSDT,LONG,2632.543457,2566.03207,2699.054844,2798.821926,2566.03207,-2.5265,2053,2026-07-04T06:03:57.896136+00:00,SL_HIT,21.3,60.8,37.9877,71.6072,,,,,
ETHUSDT_2075,ETHUSDT,LONG,2549.208008,2484.494831,2613.921184,2710.990949,2484.494831,-2.5386,2075,2026-07-04T06:03:57.932594+00:00,SL_HIT,21.3,68.48,44.9168,58.9011,,,,,
ETHUSDT_2078,ETHUSDT,SHORT,2423.716797,2502.940465,2344.493129,2225.657628,2225.657628,8.1717,2078,2026-07-04T06:03:57.948163+00:00,TP_HIT,21.3,64.65,42.8295,34.9496,,,,,
ETHUSDT_2133,ETHUSDT,LONG,2500.605469,2456.945738,2544.265199,2609.754796,2456.945738,-1.746,2133,2026-07-04T06:03:58.015871+00:00,SL_HIT,21.16,61.81,31.7017,65.1948,,,,,
ETHUSDT_2173,ETHUSDT,LONG,2558.221924,2512.610205,2603.833643,2672.251221,2672.251221,4.4574,2173,2026-07-04T06:03:58.101640+00:00,TP_HIT,21.16,62.23,32.5318,55.4623,,,,,
ETHUSDT_2175,ETHUSDT,LONG,2571.395264,2524.111834,2618.678693,2689.603838,2524.111834,-1.8388,2175,2026-07-04T06:03:58.086032+00:00,SL_HIT,21.16,60.46,28.9974,69.1395,,,,,
ETHUSDT_2186,ETHUSDT,LONG,2608.141846,2540.151573,2676.132118,2778.117528,2778.117528,6.5171,2186,2026-07-04T06:03:58.104062+00:00,TP_HIT,21.3,62.22,37.9505,68.2478,,,,,
ETHUSDT_2191,ETHUSDT,LONG,2656.969971,2593.834399,2720.105542,2814.808899,2814.808899,5.9406,2191,2026-07-04T06:03:58.110599+00:00,TP_HIT,21.3,60.3,40.0149,65.6598,,,,,
ETHUSDT_2192,ETHUSDT,LONG,2765.46582,2688.498368,2842.433273,2957.884452,2957.884452,6.9579,2192,2026-07-04T06:03:58.117349+00:00,TP_HIT,21.3,66.8,41.5562,79.1992,,,,,
ETHUSDT_2193,ETHUSDT,LONG,2770.737305,2691.785658,2849.688951,2968.11642,2968.11642,7.1237,2193,2026-07-04T06:03:58.117361+00:00,TP_HIT,21.3,66.37,45.7279,87.0548,,,,,
ETHUSDT_2199,ETHUSDT,LONG,2954.832764,2850.209333,3059.456194,3216.39134,3216.39134,8.8519,2199,2026-07-04T06:03:58.167205+00:00,TP_HIT,21.28,64.64,69.6924,90.3873,,,,,
ETHUSDT_2202,ETHUSDT,LONG,2985.51416,2870.372231,3100.65609,3273.368984,3273.368984,9.6417,2202,2026-07-04T06:03:58.168827+00:00,TP_HIT,21.44,63.63,79.0343,94.8321,,,,,
ETHUSDT_2204,ETHUSDT,LONG,3003.600586,2880.791581,3126.409591,3310.623099,3310.623099,10.2218,2204,2026-07-04T06:03:58.168836+00:00,TP_HIT,21.44,60.02,86.7287,87.9017,,,,,
ETHUSDT_2238,ETHUSDT,LONG,3434.183105,3295.817491,3572.54872,3780.097142,3780.097142,10.0727,2238,2026-07-04T06:03:58.202790+00:00,TP_HIT,21.44,63.9,48.7401,85.3224,,,,,
ETHUSDT_2242,ETHUSDT,LONG,3596.925049,3430.827808,3763.02229,4012.168152,3430.827808,-4.6178,2242,2026-07-04T06:03:58.318784+00:00,SL_HIT,21.44,61.08,62.6867,84.7299,,,,,
ETHUSDT_2244,ETHUSDT,LONG,3613.686035,3450.020068,3777.352002,4022.850952,3450.020068,-4.5291,2244,2026-07-04T06:03:58.313099+00:00,SL_HIT,21.44,60.99,67.9254,85.6077,,,,,
ETHUSDT_2312,ETHUSDT,SHORT,3770.225586,3893.792522,3646.65865,3461.308245,3461.308245,8.1936,2312,2026-07-04T06:03:58.313109+00:00,TP_HIT,21.3,61.74,41.7563,44.5491,,,,,
ETHUSDT_2327,ETHUSDT,SHORT,3647.502441,3774.530542,3520.474341,3329.93219,3774.530542,-3.4826,2327,2026-07-04T06:03:58.363871+00:00,SL_HIT,21.3,61.13,34.7456,35.1245,,,,,
ETHUSDT_2364,ETHUSDT,LONG,3830.878662,3704.853896,3956.903428,4145.940578,4145.940578,8.2243,2364,2026-07-04T06:03:58.385228+00:00,TP_HIT,21.3,64.31,36.5742,64.1914,,,,,
ETHUSDT_2367,ETHUSDT,LONG,3914.110596,3794.670815,4033.550377,4212.710048,4212.710048,7.6288,2367,2026-07-04T06:03:58.387852+00:00,TP_HIT,21.3,63.71,35.3926,84.9061,,,,,
ETHUSDT_2370,ETHUSDT,LONG,3918.355957,3799.375687,4037.336227,4215.806632,4215.806632,7.5912,2370,2026-07-04T06:03:58.387860+00:00,TP_HIT,21.3,61.79,42.0216,85.2623,,,,,
ETHUSDT_2372,ETHUSDT,LONG,4055.37085,3922.820769,4187.92093,4386.74605,4386.74605,8.1713,2372,2026-07-04T06:03:58.416311+00:00,TP_HIT,21.3,64.91,46.3802,91.0314,,,,,
ETHUSDT_2375,ETHUSDT,LONG,4170.933105,4028.311356,4313.554855,4527.487479,4527.487479,8.5486,2375,2026-07-04T06:03:58.419528+00:00,TP_HIT,21.28,61.38,59.7032,86.0729,,,,,
ETHUSDT_2376,ETHUSDT,LONG,4191.597656,4047.685296,4335.510017,4551.378557,4551.378557,8.5834,2376,2026-07-04T06:03:58.419537+00:00,TP_HIT,21.28,62.29,65.7286,89.8486,,,,,
ETHUSDT_2404,ETHUSDT,LONG,4778.053711,4618.587033,4937.520389,5176.720407,4618.587033,-3.3375,2404,2026-07-04T06:03:58.436388+00:00,SL_HIT,21.3,65.07,42.3181,86.1242,,,,,
ETHUSDT_2428,ETHUSDT,SHORT,4325.731445,4462.418506,4189.044385,3984.013794,4462.418506,-3.1599,2428,2026-07-04T06:03:58.502770+00:00,SL_HIT,21.3,65.28,39.1284,44.5098,,,,,
ETHUSDT_2429,ETHUSDT,SHORT,4261.516113,4397.700188,4125.332038,3921.055926,4397.700188,-3.1957,2429,2026-07-04T06:03:58.502785+00:00,SL_HIT,21.3,64.67,38.758,35.239,,,,,
ETHUSDT_2470,ETHUSDT,SHORT,4728.591309,4875.049484,4582.133133,4362.445871,4362.445871,7.7432,2470,2026-07-04T06:03:58.529536+00:00,TP_HIT,21.28,68.51,52.9888,36.2306,,,,,
ETHUSDT_2471,ETHUSDT,SHORT,4588.296387,4743.805978,4432.786795,4199.522409,4743.805978,-3.3893,2471,2026-07-04T06:03:58.701337+00:00,SL_HIT,21.3,66.16,49.1727,28.5904,,,,,
ETHUSDT_2502,ETHUSDT,SHORT,4391.729492,4535.567773,4247.891211,4032.133789,4535.567773,-3.2752,2502,2026-07-04T06:03:58.692358+00:00,SL_HIT,21.3,61.04,39.4839,35.5855,,,,,
ETHUSDT_2506,ETHUSDT,LONG,4483.411621,4347.222273,4619.60097,4823.884992,4347.222273,-3.0376,2506,2026-07-04T06:03:58.593405+00:00,SL_HIT,21.3,68.52,50.5064,53.2022,,,,,
ETHUSDT_2509,ETHUSDT,LONG,4485.402832,4367.243241,4603.562423,4780.80181,4367.243241,-2.6343,2509,2026-07-04T06:03:58.587052+00:00,SL_HIT,21.3,68.52,48.0099,64.6767,,,,,
ETHUSDT_2569,ETHUSDT,LONG,4406.193848,4312.223514,4500.164181,4641.119681,4312.223514,-2.1327,2569,2026-07-04T06:03:58.677193+00:00,SL_HIT,21.16,63.12,34.3159,63.6293,,,,,
ETHUSDT_2577,ETHUSDT,LONG,4461.479492,4369.369552,4553.589432,4691.754342,4691.754342,5.1614,2577,2026-07-04T06:03:58.699640+00:00,TP_HIT,22.03,67.43,42.2322,71.7391,,,,,
ETHUSDT_2578,ETHUSDT,LONG,4505.101074,4405.267683,4604.934466,4754.684553,4754.684553,5.54,2578,2026-07-04T06:03:58.701348+00:00,TP_HIT,21.3,60.74,46.8917,73.9616,,,,,
ETHUSDT_2582,ETHUSDT,LONG,4664.37207,4545.376388,4783.367753,4961.861276,4545.376388,-2.5512,2582,2026-07-04T06:03:58.721987+00:00,SL_HIT,21.28,63.84,62.9456,79.0794,,,,,
ETHUSDT_2584,ETHUSDT,LONG,4759.165039,4647.915848,4870.41423,5037.288016,4647.915848,-2.3376,2584,2026-07-04T06:03:58.707375+00:00,SL_HIT,21.28,68.51,70.0014,92.3157,,,,,
ETHUSDT_2600,ETHUSDT,SHORT,4495.460938,4594.188539,4396.733336,4248.641933,4594.188539,-2.1962,2600,2026-07-04T06:03:58.743896+00:00,SL_HIT,21.3,60.59,45.4278,22.5789,,,,,
ETHUSDT_2605,ETHUSDT,SHORT,4467.880371,4563.817508,4371.943234,4228.037528,4563.817508,-2.1473,2605,2026-07-04T06:03:58.743909+00:00,SL_HIT,22.03,60.13,44.5041,25.632,,,,,
ETHUSDT_2613,ETHUSDT,LONG,4592.442871,4487.259766,4697.625977,4855.400635,4487.259766,-2.2904,2613,2026-07-04T06:03:58.759373+00:00,SL_HIT,21.3,68.52,49.8114,63.1822,,,,,
ETHUSDT_2638,ETHUSDT,SHORT,4308.149414,4378.923277,4237.375551,4131.214757,4131.214757,4.107,2638,2026-07-04T06:03:58.781551+00:00,TP_HIT,22.03,68.81,45.284,29.6509,,,,,
ETHUSDT_2639,ETHUSDT,SHORT,4197.733398,4290.887165,4104.579632,3964.848982,3964.848982,5.5479,2639,2026-07-04T06:03:58.813074+00:00,TP_HIT,21.3,68.52,49.5041,18.065,,,,,
ETHUSDT_2641,ETHUSDT,SHORT,4171.505859,4274.695857,4068.315862,3913.530866,3913.530866,6.1842,2641,2026-07-04T06:03:58.815435+00:00,TP_HIT,21.28,61.89,56.9176,14.2177,,,,,
ETHUSDT_2656,ETHUSDT,SHORT,4060.091553,4167.289708,3952.893398,3792.096165,4167.289708,-2.6403,2656,2026-07-04T06:03:58.844248+00:00,SL_HIT,21.28,67.15,68.4094,38.0821,,,,,
ETHUSDT_2657,ETHUSDT,SHORT,4008.985352,4117.735592,3900.235111,3737.10975,4117.735592,-2.7127,2657,2026-07-04T06:03:58.837780+00:00,SL_HIT,21.28,68.51,68.9587,20.1072,,,,,
ETHUSDT_2659,ETHUSDT,SHORT,3999.968994,4106.073664,3893.864324,3734.707319,4106.073664,-2.6526,2659,2026-07-04T06:03:58.837790+00:00,SL_HIT,21.28,63.8,69.9386,15.2423,,,,,
ETHUSDT_2660,ETHUSDT,SHORT,3918.757568,4042.092913,3795.422224,3610.419207,4042.092913,-3.1473,2660,2026-07-04T06:03:58.825061+00:00,SL_HIT,21.28,61.33,71.4627,12.424,,,,,
ETHUSDT_2694,ETHUSDT,LONG,4298.578125,4187.207833,4409.948417,4577.003854,4577.003854,6.4772,2694,2026-07-04T06:03:58.889921+00:00,TP_HIT,21.3,67.15,42.2576,69.0576,,,,,
ETHUSDT_2695,ETHUSDT,LONG,4327.447266,4211.734863,4443.159668,4616.728271,4616.728271,6.6848,2695,2026-07-04T06:03:58.911584+00:00,TP_HIT,21.3,61.54,44.4659,72.3483,,,,,
ETHUSDT_2700,ETHUSDT,LONG,4381.95752,4274.470079,4489.44496,4650.676121,4650.676121,6.1324,2700,2026-07-04T06:03:58.911594+00:00,TP_HIT,21.3,61.13,43.7437,72.0916,,,,,
ETHUSDT_2701,ETHUSDT,LONG,4440.961426,4325.122241,4556.80061,4730.559387,4730.559387,6.5211,2701,2026-07-04T06:03:58.916391+00:00,TP_HIT,21.3,64.54,44.1535,78.5346,,,,,
ETHUSDT_2702,ETHUSDT,LONG,4497.437012,4376.519318,4618.354705,4799.731245,4376.519318,-2.6886,2702,2026-07-04T06:03:58.941059+00:00,SL_HIT,21.3,63.27,46.8252,83.2818,,,,,
ETHUSDT_2703,ETHUSDT,LONG,4486.93457,4370.909183,4602.959957,4776.998038,4370.909183,-2.5858,2703,2026-07-04T06:03:58.941070+00:00,SL_HIT,21.28,65.65,51.7428,90.4174,,,,,
ETHUSDT_2706,ETHUSDT,LONG,4483.348633,4365.218673,4601.478592,4778.673532,4365.218673,-2.6349,2706,2026-07-04T06:03:58.941078+00:00,SL_HIT,21.28,61.87,63.7767,87.9644,,,,,
ETHUSDT_2717,ETHUSDT,LONG,4604.672363,4491.895131,4717.449595,4886.615444,4491.895131,-2.4492,2717,2026-07-04T06:03:58.904820+00:00,SL_HIT,21.28,67.46,68.6289,65.717,,,,,
ETHUSDT_2725,ETHUSDT,LONG,4677.786133,4573.050642,4782.521624,4939.62486,4573.050642,-2.239,2725,2026-07-04T06:03:58.922954+00:00,SL_HIT,21.3,63.08,39.2352,67.7459,,,,,
ETHUSDT_2726,ETHUSDT,LONG,4729.66748,4619.243394,4840.091567,5005.727696,4619.243394,-2.3347,2726,2026-07-04T06:03:58.922964+00:00,SL_HIT,21.3,60.05,38.7583,72.3996,,,,,
ETHUSDT_2749,ETHUSDT,SHORT,4109.924805,4263.514614,3956.334996,3725.950283,3725.950283,9.3426,2749,2026-07-04T06:03:58.953639+00:00,TP_HIT,21.3,67.25,42.4537,24.9278,,,,,
ETHUSDT_2943,ETHUSDT,SHORT,3415.795898,3533.445944,3298.145853,3121.670785,3533.445944,-3.4443,2943,2026-07-04T06:03:59.218201+00:00,SL_HIT,21.3,65.15,38.2658,41.0501,,,,,
ETHUSDT_3008,ETHUSDT,LONG,3034.383789,2919.913783,3148.853795,3320.558803,2919.913783,-3.7724,3008,2026-07-04T06:03:59.360601+00:00,SL_HIT,21.3,63.33,34.6257,73.6658,,,,,
ETHUSDT_3023,ETHUSDT,SHORT,2840.821289,2930.349003,2751.293576,2617.002005,2930.349003,-3.1515,3023,2026-07-04T06:03:59.376001+00:00,SL_HIT,21.3,66.64,41.251,25.4726,,,,,
ETHUSDT_3025,ETHUSDT,SHORT,2745.124756,2839.467651,2650.78186,2509.267517,2839.467651,-3.4367,3025,2026-07-04T06:03:59.376010+00:00,SL_HIT,21.3,63.02,44.7754,19.2392,,,,,
ETHUSDT_3028,ETHUSDT,SHORT,2805.179199,2905.43886,2704.919538,2554.530047,2905.43886,-3.5741,3028,2026-07-04T06:03:59.376017+00:00,SL_HIT,21.3,60.36,44.6054,27.146,,,,,
ETHUSDT_3061,ETHUSDT,SHORT,3020.612549,3099.786182,2941.438916,2822.678467,3099.786182,-2.6211,3061,2026-07-04T06:03:59.421663+00:00,SL_HIT,21.3,60.94,47.8673,21.2332,,,,,
ETHUSDT_3064,ETHUSDT,LONG,3110.774658,3017.511468,3204.037849,3343.932635,3343.932635,7.4952,3064,2026-07-04T06:03:59.439402+00:00,TP_HIT,21.3,68.52,48.9598,59.1899,,,,,
ETHUSDT_3106,ETHUSDT,LONG,3112.119629,3050.316605,3173.922653,3266.627189,3050.316605,-1.9859,3106,2026-07-04T06:03:59.482225+00:00,SL_HIT,22.03,68.81,46.4147,60.6706,,,,,
ETHUSDT_3108,ETHUSDT,LONG,3156.678223,3089.175806,3224.18064,3325.434265,3089.175806,-2.1384,3108,2026-07-04T06:03:59.482248+00:00,SL_HIT,22.03,60.13,40.1061,65.2529,,,,,
ETHUSDT_3109,ETHUSDT,SHORT,3005.495117,3093.50022,2917.490015,2785.482361,2785.482361,7.3203,3109,2026-07-04T06:03:59.511172+00:00,TP_HIT,21.3,64.59,37.1343,37.7331,,,,,
ETHUSDT_3110,ETHUSDT,SHORT,2943.849365,3040.601971,2847.09676,2701.967852,3040.601971,-3.2866,3110,2026-07-04T06:03:59.540583+00:00,SL_HIT,21.3,64.88,38.4593,28.0985,,,,,
ETHUSDT_3149,ETHUSDT,LONG,3028.952881,2983.381906,3074.523856,3142.880319,2983.381906,-1.5045,3149,2026-07-04T06:03:59.549518+00:00,SL_HIT,22.03,64.7,47.5531,68.8044,,,,,
ETHUSDT_3150,ETHUSDT,LONG,3050.439697,3004.113302,3096.766092,3166.255685,3004.113302,-1.5187,3150,2026-07-04T06:03:59.549526+00:00,SL_HIT,22.03,61.31,45.9625,71.3039,,,,,
ETHUSDT_3151,ETHUSDT,LONG,3051.194092,3001.099512,3101.288672,3176.430542,3001.099512,-1.6418,3151,2026-07-04T06:03:59.549531+00:00,SL_HIT,22.03,61.76,44.7535,74.3709,,,,,
ETHUSDT_3153,ETHUSDT,LONG,3006.073975,2944.28652,3067.861429,3160.542611,2944.28652,-2.0554,3153,2026-07-04T06:03:59.559468+00:00,SL_HIT,22.03,63.45,37.8267,56.6198,,,,,
ETHUSDT_3190,ETHUSDT,LONG,3041.042969,3003.040632,3079.045306,3136.048811,3003.040632,-1.2496,3190,2026-07-04T06:03:59.608350+00:00,SL_HIT,21.16,61.37,30.8055,82.1818,,,,,
ETHUSDT_3214,ETHUSDT,LONG,3015.828857,2975.277724,3056.379991,3117.206691,3117.206691,3.3615,3214,2026-07-04T06:03:59.645862+00:00,TP_HIT,22.03,68.81,47.0793,69.6109,,,,,
ETHUSDT_3216,ETHUSDT,LONG,3044.20874,2998.634877,3089.782603,3158.143398,3158.143398,3.7427,3216,2026-07-04T06:03:59.656812+00:00,TP_HIT,22.03,67.53,57.3897,77.1397,,,,,
ETHUSDT_3217,ETHUSDT,LONG,3079.854736,3025.981299,3133.728174,3214.53833,3214.53833,4.3731,3217,2026-07-04T06:03:59.670985+00:00,TP_HIT,22.03,62.73,62.5368,81.0583,,,,,
ETHUSDT_3218,ETHUSDT,LONG,3121.933838,3063.976406,3179.89127,3266.827419,3266.827419,4.6411,3218,2026-07-04T06:03:59.678622+00:00,TP_HIT,22.03,60.66,68.7614,82.91,,,,,
ETHUSDT_3293,ETHUSDT,LONG,3327.466553,3227.6616,3427.271505,3576.978934,3227.6616,-2.9994,3293,2026-07-04T06:03:59.775183+00:00,SL_HIT,21.3,64.2,44.3836,72.4727,,,,,
ETHUSDT_3303,ETHUSDT,SHORT,3295.482666,3385.239994,3205.725338,3071.089347,3071.089347,6.8091,3303,2026-07-04T06:03:59.788217+00:00,TP_HIT,21.3,60.95,38.4719,43.1587,,,,,
ETHUSDT_3327,ETHUSDT,SHORT,2935.88208,3030.661572,2841.102588,2698.93335,3030.661572,-3.2283,3327,2026-07-04T06:03:59.799170+00:00,SL_HIT,21.3,61.75,44.2521,6.6004,,,,,
ETHUSDT_3382,ETHUSDT,SHORT,2737.641113,2840.981906,2634.300321,2479.289132,2479.289132,9.437,3382,2026-07-04T06:03:59.885306+00:00,TP_HIT,21.3,68.52,49.8284,25.965,,,,,
ETHUSDT_3602,ETHUSDT,SHORT,1954.750244,2014.923729,1894.57676,1804.316533,2014.923729,-3.0783,3602,2026-07-04T06:04:00.175792+00:00,SL_HIT,21.3,68.52,47.1693,12.0657,,,,,
ETHUSDT_3613,ETHUSDT,LONG,2026.025146,1963.027171,2089.023122,2183.520085,2183.520085,7.7736,3613,2026-07-04T06:04:00.206821+00:00,TP_HIT,21.3,64.75,48.6644,59.1166,,,,,
ETHUSDT_3652,ETHUSDT,LONG,2238.135254,2182.41175,2293.858758,2377.444013,2377.444013,6.2243,3652,2026-07-04T06:04:00.239120+00:00,TP_HIT,21.3,67.1,42.1695,75.8897,,,,,
ETHUSDT_3653,ETHUSDT,LONG,2249.620117,2192.338846,2306.901388,2392.823295,2192.338846,-2.5463,3653,2026-07-04T06:04:00.252450+00:00,SL_HIT,21.3,61.58,43.5546,79.6691,,,,,
ETHUSDT_3655,ETHUSDT,LONG,2272.070068,2210.649934,2333.490203,2425.620405,2210.649934,-2.7033,3655,2026-07-04T06:04:00.252463+00:00,SL_HIT,21.3,65.74,47.3869,87.8092,,,,,
ETHUSDT_3656,ETHUSDT,LONG,2333.689941,2265.328959,2402.050924,2504.592399,2265.328959,-2.9293,3656,2026-07-04T06:04:00.252469+00:00,SL_HIT,21.3,62.19,49.7588,91.4795,,,,,
ETHUSDT_3689,ETHUSDT,SHORT,2095.222412,2152.306243,2038.138581,1952.512835,2152.306243,-2.7245,3689,2026-07-04T06:04:00.299523+00:00,SL_HIT,21.3,61.68,47.065,39.1125,,,,,
ETHUSDT_3690,ETHUSDT,SHORT,2069.94458,2127.030043,2012.859117,1927.230922,2127.030043,-2.7578,3690,2026-07-04T06:04:00.299531+00:00,SL_HIT,21.3,67.89,44.8764,29.6825,,,,,
ETHUSDT_3695,ETHUSDT,SHORT,2044.365845,2101.036276,1987.695414,1902.689767,2101.036276,-2.772,3695,2026-07-04T06:04:00.299536+00:00,SL_HIT,21.3,63.55,44.6817,26.8229,,,,,
ETHUSDT_3720,ETHUSDT,SHORT,1989.981812,2053.238625,1926.724998,1831.839778,2053.238625,-3.1788,3720,2026-07-04T06:04:00.349246+00:00,SL_HIT,21.3,62.16,36.0178,18.3877,,,,,
ETHUSDT_3722,ETHUSDT,SHORT,1993.27002,2057.009431,1929.530608,1833.921491,2057.009431,-3.1977,3722,2026-07-04T06:04:00.349256+00:00,SL_HIT,21.3,62.77,41.768,10.4947,,,,,
ETHUSDT_3735,ETHUSDT,SHORT,1982.550659,2023.071376,1942.029942,1881.248866,2023.071376,-2.0439,3735,2026-07-04T06:04:00.347550+00:00,SL_HIT,22.03,62.75,58.7627,47.4417,,,,,
ETHUSDT_3737,ETHUSDT,LONG,2056.402588,2009.528242,2103.276934,2173.588453,2173.588453,5.6986,3737,2026-07-04T06:04:00.413089+00:00,TP_HIT,21.3,63.04,46.0858,65.2542,,,,,
ETHUSDT_3789,ETHUSDT,LONG,2242.276611,2162.779133,2321.77409,2441.020307,2162.779133,-3.5454,3789,2026-07-04T06:04:00.424626+00:00,SL_HIT,21.3,64.58,37.1238,76.3972,,,,,
ETHUSDT_3812,ETHUSDT,LONG,2314.084473,2252.495243,2375.673703,2468.057547,2252.495243,-2.6615,3812,2026-07-04T06:04:00.448516+00:00,SL_HIT,21.3,64.75,40.8084,76.5446,,,,,
ETHUSDT_3841,ETHUSDT,SHORT,2339.830078,2407.975572,2271.684584,2169.466343,2407.975572,-2.9124,3841,2026-07-04T06:04:00.494760+00:00,SL_HIT,21.3,60.85,44.5992,40.4625,,,,,
ETHUSDT_3946,ETHUSDT,LONG,2385.01001,2344.399425,2425.620595,2486.536473,2344.399425,-1.7027,3946,2026-07-04T06:04:00.635124+00:00,SL_HIT,22.03,68.81,51.9283,74.8685,,,,,
ETHUSDT_3957,ETHUSDT,LONG,2410.780029,2340.079775,2481.480284,2587.530666,2340.079775,-2.9327,3957,2026-07-04T06:04:00.651507+00:00,SL_HIT,21.3,63.31,46.3819,67.0,,,,,
ETHUSDT_4000,ETHUSDT,SHORT,2235.219971,2285.182746,2185.257195,2110.313032,2285.182746,-2.2353,4000,2026-07-04T06:04:00.714163+00:00,SL_HIT,21.3,66.77,41.5031,28.6892,,,,,
ETHUSDT_4016,ETHUSDT,SHORT,2193.669922,2246.195211,2141.144632,2062.356698,2062.356698,5.986,4016,2026-07-04T06:04:00.778540+00:00,TP_HIT,21.3,60.23,33.7403,34.9102,,,,,
ETHUSDT_4026,ETHUSDT,SHORT,2130.01001,2172.308723,2087.711297,2024.263227,2024.263227,4.9646,4026,2026-07-04T06:04:00.783464+00:00,TP_HIT,22.03,62.98,62.8894,18.7538,,,,,
ETHUSDT_4110,ETHUSDT,SHORT,2004.01001,2034.10343,1973.916589,1928.776459,1928.776459,3.7542,4110,2026-07-04T06:04:00.871140+00:00,TP_HIT,21.16,62.68,33.84,36.4274,,,,,
ETHUSDT_4120,ETHUSDT,SHORT,1911.030029,1969.835999,1852.22406,1764.015106,1764.015106,7.693,4120,2026-07-04T06:04:00.883792+00:00,TP_HIT,21.3,64.14,39.2104,24.7813,,,,,
ETHUSDT_4212,ETHUSDT,SHORT,1749.199951,1812.822248,1685.577654,1590.144209,1590.144209,9.0931,4212,2026-07-04T06:04:01.065704+00:00,TP_HIT,21.3,68.52,46.4686,28.7348,,,,,
ETHUSDT_4306,ETHUSDT,LONG,1729.439941,1670.682799,1788.197084,1876.332799,1756.880005,1.5866,4306,2026-07-04T06:04:01.144559+00:00,EXPIRED,21.3,60.05,48.7452,79.219,,,,,
SOLUSDT_626,SOLUSDT,LONG,167.664963,162.98814,172.341785,177.018608,177.018608,5.5788,626,2026-07-04T06:04:01.747588+00:00,TP_HIT,33.26,61.21,78.2627,77.5167,,,,,
SOLUSDT_728,SOLUSDT,LONG,196.629089,188.50349,204.754689,212.880288,212.880288,8.2649,728,2026-07-04T06:04:01.893880+00:00,TP_HIT,32.58,64.38,54.3162,86.5369,,,,,
SOLUSDT_730,SOLUSDT,LONG,198.269699,190.407987,206.131411,213.993123,213.993123,7.9303,730,2026-07-04T06:04:01.895523+00:00,TP_HIT,32.58,66.15,66.3166,88.0153,,,,,
SOLUSDT_731,SOLUSDT,LONG,200.647827,192.811245,208.484409,216.320992,216.320992,7.8113,731,2026-07-04T06:04:01.902060+00:00,TP_HIT,33.26,63.35,70.8562,88.055,,,,,
SOLUSDT_743,SOLUSDT,LONG,205.358994,198.6209,212.097087,218.83518,218.83518,6.5623,743,2026-07-04T06:04:01.903689+00:00,TP_HIT,33.26,69.28,69.9459,66.7603,,,,,
SOLUSDT_751,SOLUSDT,LONG,218.982361,209.78958,228.175141,237.367922,209.78958,-4.198,751,2026-07-04T06:04:01.913375+00:00,SL_HIT,32.58,61.65,41.8821,72.9768,,,,,
SOLUSDT_753,SOLUSDT,LONG,222.641678,213.169307,232.114049,241.58642,213.169307,-4.2545,753,2026-07-04T06:04:01.913384+00:00,SL_HIT,32.58,68.87,36.675,80.2142,,,,,
SOLUSDT_795,SOLUSDT,LONG,239.800888,229.846225,249.755551,259.710214,259.710214,8.3024,795,2026-07-04T06:04:01.989161+00:00,TP_HIT,32.58,69.99,46.3865,75.639,,,,,
SOLUSDT_796,SOLUSDT,LONG,241.078369,230.907594,251.249144,261.419919,230.907594,-4.2189,796,2026-07-04T06:04:01.979467+00:00,SL_HIT,32.58,62.96,49.9472,75.564,,,,,
SOLUSDT_984,SOLUSDT,SHORT,177.215851,186.076643,168.355058,159.494266,186.076643,-5.0,984,2026-07-04T06:04:02.216718+00:00,SL_HIT,32.58,62.3,37.5534,20.1458,,,,,
SOLUSDT_988,SOLUSDT,SHORT,193.891968,203.586566,184.197369,174.502771,203.586566,-5.0,988,2026-07-04T06:04:02.356447+00:00,SL_HIT,32.58,61.07,56.2763,37.6554,,,,,
SOLUSDT_1067,SOLUSDT,LONG,207.821854,202.769222,212.874486,217.927117,217.927117,4.8625,1067,2026-07-04T06:04:02.368926+00:00,TP_HIT,33.88,70.25,43.3584,90.2172,,,,,
SOLUSDT_1072,SOLUSDT,LONG,216.786514,211.135525,222.437504,228.088493,211.135525,-2.6067,1072,2026-07-04T06:04:02.396790+00:00,SL_HIT,33.26,60.12,73.8968,88.882,,,,,
SOLUSDT_1152,SOLUSDT,LONG,218.985718,210.225091,227.746345,236.506972,236.506972,8.0011,1152,2026-07-04T06:04:02.489681+00:00,TP_HIT,32.58,64.75,65.4792,77.5251,,,,,
SOLUSDT_1153,SOLUSDT,LONG,218.381424,209.382474,227.380374,236.379325,236.379325,8.2415,1153,2026-07-04T06:04:02.489689+00:00,TP_HIT,32.58,62.01,71.04,76.4991,,,,,
SOLUSDT_1156,SOLUSDT,LONG,220.68335,211.904981,229.461718,238.240087,238.240087,7.9556,1156,2026-07-04T06:04:02.492287+00:00,TP_HIT,32.58,60.46,83.7747,73.5904,,,,,
SOLUSDT_1157,SOLUSDT,LONG,232.757446,222.575948,242.938944,253.120442,253.120442,8.7486,1157,2026-07-04T06:04:02.494874+00:00,TP_HIT,32.58,67.6,84.2636,78.1612,,,,,
SOLUSDT_1158,SOLUSDT,LONG,238.593933,227.541094,249.646773,260.699612,260.699612,9.265,1158,2026-07-04T06:04:02.497484+00:00,TP_HIT,32.58,72.04,85.1125,87.1645,,,,,
SOLUSDT_1159,SOLUSDT,LONG,259.303009,246.337859,272.268159,285.23331,246.337859,-5.0,1159,2026-07-04T06:04:02.497492+00:00,SL_HIT,32.58,66.69,86.3855,90.823,,,,,
SOLUSDT_1161,SOLUSDT,LONG,261.872437,248.778815,274.966058,288.05968,288.05968,10.0,1161,2026-07-04T06:04:02.505939+00:00,TP_HIT,32.58,67.25,88.1662,88.9476,,,,,
SOLUSDT_1163,SOLUSDT,LONG,273.603027,259.922876,287.283179,300.96333,259.922876,-5.0,1163,2026-07-04T06:04:02.512929+00:00,SL_HIT,32.58,68.87,90.2165,88.1985,,,,,
SOLUSDT_1164,SOLUSDT,LONG,287.808868,273.418425,302.199312,316.589755,273.418425,-5.0,1164,2026-07-04T06:04:02.508585+00:00,SL_HIT,32.58,64.93,91.3528,90.0967,,,,,
SOLUSDT_1166,SOLUSDT,LONG,268.407623,254.987242,281.828004,295.248386,254.987242,-5.0,1166,2026-07-04T06:04:02.512937+00:00,SL_HIT,32.58,60.16,92.3599,73.056,,,,,
SOLUSDT_1169,SOLUSDT,LONG,262.529175,249.402716,275.655634,288.782092,249.402716,-5.0,1169,2026-07-04T06:04:02.523502+00:00,SL_HIT,32.58,68.15,82.3559,64.1563,,,,,
SOLUSDT_1170,SOLUSDT,LONG,259.553406,246.575735,272.531076,285.508746,246.575735,-5.0,1170,2026-07-04T06:04:02.523513+00:00,SL_HIT,32.58,61.54,79.0073,62.6641,,,,,
SOLUSDT_1250,SOLUSDT,SHORT,203.374405,213.308408,193.440402,183.506399,183.506399,9.7692,1250,2026-07-04T06:04:02.638897+00:00,TP_HIT,32.58,70.19,42.8771,17.7323,,,,,
SOLUSDT_1251,SOLUSDT,SHORT,203.121506,213.277581,192.96543,182.809355,182.809355,10.0,1251,2026-07-04T06:04:02.638906+00:00,TP_HIT,32.58,65.65,48.6043,15.1174,,,,,
SOLUSDT_1252,SOLUSDT,SHORT,198.284851,208.199094,188.370609,178.456366,208.199094,-5.0,1252,2026-07-04T06:04:02.646519+00:00,SL_HIT,32.58,61.47,53.4852,16.6825,,,,,
SOLUSDT_1253,SOLUSDT,SHORT,199.284927,209.249174,189.320681,179.356435,209.249174,-5.0,1253,2026-07-04T06:04:02.646527+00:00,SL_HIT,32.58,63.16,58.8869,16.5496,,,,,
SOLUSDT_1254,SOLUSDT,SHORT,198.883987,208.828187,188.939788,178.995589,208.828187,-5.0,1254,2026-07-04T06:04:02.646532+00:00,SL_HIT,32.58,63.15,64.5204,16.432,,,,,
SOLUSDT_1346,SOLUSDT,SHORT,165.42897,173.276959,157.580982,149.732993,173.276959,-4.744,1346,2026-07-04T06:04:02.780387+00:00,SL_HIT,32.58,65.35,69.3397,14.0051,,,,,
SOLUSDT_1348,SOLUSDT,SHORT,167.428192,175.424025,159.432359,151.436526,175.424025,-4.7757,1348,2026-07-04T06:04:02.786446+00:00,SL_HIT,32.58,63.3,76.0863,22.791,,,,,
SOLUSDT_1384,SOLUSDT,SHORT,140.278076,147.29198,133.264172,126.250269,126.250269,10.0,1384,2026-07-04T06:04:02.855855+00:00,TP_HIT,32.58,63.0,46.037,8.8099,,,,,
SOLUSDT_1385,SOLUSDT,SHORT,136.701416,143.536487,129.866345,123.031274,143.536487,-5.0,1385,2026-07-04T06:04:02.832017+00:00,SL_HIT,32.58,63.68,52.8253,8.1621,,,,,
SOLUSDT_1387,SOLUSDT,SHORT,139.532135,146.508742,132.555528,125.578922,146.508742,-5.0,1387,2026-07-04T06:04:02.833700+00:00,SL_HIT,32.58,67.96,65.3852,12.5022,,,,,
SOLUSDT_1390,SOLUSDT,SHORT,143.4189,150.589845,136.247955,129.07701,129.07701,10.0,1390,2026-07-04T06:04:02.854212+00:00,TP_HIT,32.58,64.78,75.985,22.6814,,,,,
SOLUSDT_1391,SOLUSDT,SHORT,140.052795,147.055435,133.050156,126.047516,126.047516,10.0,1391,2026-07-04T06:04:02.855865+00:00,TP_HIT,32.58,65.17,79.0612,20.5409,,,,,
SOLUSDT_1394,SOLUSDT,SHORT,131.860931,138.453978,125.267885,118.674838,138.453978,-5.0,1394,2026-07-04T06:04:02.847319+00:00,SL_HIT,32.58,65.55,83.2575,21.5623,,,,,
SOLUSDT_1833,SOLUSDT,LONG,177.622894,171.52655,183.719239,189.815583,171.52655,-3.4322,1833,2026-07-04T06:04:03.419503+00:00,SL_HIT,33.26,63.24,86.8498,74.5306,,,,,
SOLUSDT_2271,SOLUSDT,LONG,205.711243,197.362549,214.059937,222.40863,197.362549,-4.0585,2271,2026-07-04T06:04:04.020951+00:00,SL_HIT,32.58,66.01,62.4482,80.0774,,,,,
SOLUSDT_2571,SOLUSDT,LONG,223.985687,218.419773,229.551601,235.117516,235.117516,4.9699,2571,2026-07-04T06:04:04.438152+00:00,TP_HIT,33.88,62.39,44.6895,64.0557,,,,,
SOLUSDT_2577,SOLUSDT,LONG,228.774582,223.720466,233.828698,238.882815,238.882815,4.4184,2577,2026-07-04T06:04:04.440746+00:00,TP_HIT,33.88,69.89,40.0418,79.4273,,,,,
SOLUSDT_2578,SOLUSDT,LONG,235.432648,229.990673,240.874622,246.316597,246.316597,4.623,2578,2026-07-04T06:04:04.458131+00:00,TP_HIT,33.88,65.43,44.3343,81.6345,,,,,
SOLUSDT_2579,SOLUSDT,LONG,237.311569,231.623751,242.999387,248.687206,248.687206,4.7935,2579,2026-07-04T06:04:04.458144+00:00,TP_HIT,33.88,64.25,48.8005,82.3323,,,,,
SOLUSDT_2641,SOLUSDT,SHORT,220.691528,226.038769,215.344288,209.997047,209.997047,4.8459,2641,2026-07-04T06:04:04.540996+00:00,TP_HIT,33.88,64.6,46.552,15.8998,,,,,
SOLUSDT_2642,SOLUSDT,SHORT,217.086273,222.624676,211.547871,206.009468,206.009468,5.1025,2642,2026-07-04T06:04:04.551712+00:00,TP_HIT,33.88,63.77,49.4052,14.7328,,,,,
SOLUSDT_2752,SOLUSDT,SHORT,184.469696,193.693181,175.246211,166.022726,193.693181,-5.0,2752,2026-07-04T06:04:04.705793+00:00,SL_HIT,32.58,65.66,30.2644,10.7788,,,,,
SOLUSDT_2755,SOLUSDT,SHORT,184.06842,193.271841,174.864999,165.661578,193.271841,-5.0,2755,2026-07-04T06:04:04.705803+00:00,SL_HIT,32.58,60.74,41.0306,12.5775,,,,,
SOLUSDT_2756,SOLUSDT,SHORT,177.418915,186.289861,168.547969,159.677023,186.289861,-5.0,2756,2026-07-04T06:04:04.704051+00:00,SL_HIT,32.58,63.56,43.8269,11.4632,,,,,
SOLUSDT_2757,SOLUSDT,SHORT,178.056198,186.959008,169.153388,160.250578,186.959008,-5.0,2757,2026-07-04T06:04:04.704060+00:00,SL_HIT,32.58,61.16,47.6572,13.3388,,,,,
SOLUSDT_2758,SOLUSDT,SHORT,177.193375,186.053043,168.333706,159.474037,186.053043,-5.0,2758,2026-07-04T06:04:04.704065+00:00,SL_HIT,32.58,63.02,51.3537,13.3518,,,,,
SOLUSDT_2760,SOLUSDT,SHORT,180.965851,190.014143,171.917558,162.869266,190.014143,-5.0,2760,2026-07-04T06:04:04.704070+00:00,SL_HIT,32.58,64.44,61.9959,16.0528,,,,,
SOLUSDT_2762,SOLUSDT,SHORT,196.121521,205.927597,186.315445,176.509369,205.927597,-5.0,2762,2026-07-04T06:04:04.712145+00:00,SL_HIT,32.58,61.1,68.9089,31.7327,,,,,
SOLUSDT_2899,SOLUSDT,SHORT,161.773056,169.397014,154.149099,146.525141,169.397014,-4.7127,2899,2026-07-04T06:04:04.932211+00:00,SL_HIT,32.58,65.6,42.5035,22.6152,,,,,
SOLUSDT_2900,SOLUSDT,SHORT,154.562729,162.290865,146.834592,139.106456,162.290865,-5.0,2900,2026-07-04T06:04:04.899768+00:00,SL_HIT,32.58,65.32,47.0778,20.328,,,,,
SOLUSDT_2901,SOLUSDT,SHORT,155.554337,163.332053,147.77662,139.998903,163.332053,-5.0,2901,2026-07-04T06:04:04.899778+00:00,SL_HIT,32.58,60.75,51.5939,22.6063,,,,,
SOLUSDT_2902,SOLUSDT,SHORT,157.100632,164.955663,149.2456,141.390569,164.955663,-5.0,2902,2026-07-04T06:04:04.925726+00:00,SL_HIT,32.58,60.66,54.1119,24.9829,,,,,
SOLUSDT_2903,SOLUSDT,SHORT,156.690018,164.524519,148.855517,141.021016,164.524519,-5.0,2903,2026-07-04T06:04:04.913722+00:00,SL_HIT,32.58,69.26,58.4414,18.7571,,,,,
SOLUSDT_2973,SOLUSDT,SHORT,137.26535,141.643865,132.886836,128.508321,128.508321,6.3796,2973,2026-07-04T06:04:04.991950+00:00,TP_HIT,33.26,63.13,76.5883,39.3274,,,,,
SOLUSDT_4020,SOLUSDT,SHORT,86.510002,88.325003,84.695001,82.88,82.88,4.196,4020,2026-07-04T06:04:06.498718+00:00,TP_HIT,33.48,60.23,44.9636,11.4219,,,,,
AVAXUSDT_753,AVAXUSDT,LONG,35.759197,33.971237,37.547157,39.335117,33.971237,-5.0,753,2026-07-04T06:04:18.781615+00:00,SL_HIT,38.07,62.04,47.4255,86.7264,,,,,
LTCUSDT_984,LTCUSDT,SHORT,87.595047,91.974799,83.215295,78.835542,91.974799,-5.0,984,2026-07-04T06:04:30.221887+00:00,SL_HIT,26.81,60.02,34.0165,15.0966,,,,,
BCHUSDT_328,BCHUSDT,SHORT,314.725311,319.759734,309.690889,304.656466,319.759734,-1.5996,328,2026-07-04T06:04:34.911850+00:00,SL_HIT,33.04,68.92,51.0516,23.6251,,,,,
BCHUSDT_329,BCHUSDT,SHORT,311.623962,316.804131,306.443794,301.263626,316.804131,-1.6623,329,2026-07-04T06:04:34.911858+00:00,SL_HIT,34.4,67.16,54.2221,17.2796,,,,,
BCHUSDT_383,BCHUSDT,LONG,326.077698,318.879478,333.275917,340.474136,340.474136,4.415,383,2026-07-04T06:04:34.987975+00:00,TP_HIT,37.78,63.69,52.5374,76.3245,,,,,
BCHUSDT_384,BCHUSDT,LONG,328.059082,320.771406,335.346758,342.634434,342.634434,4.4429,384,2026-07-04T06:04:34.987985+00:00,TP_HIT,37.78,65.28,55.103,76.4977,,,,,
BCHUSDT_420,BCHUSDT,SHORT,312.823029,318.190903,307.455154,302.08728,318.190903,-1.7159,420,2026-07-04T06:04:35.038223+00:00,SL_HIT,38.97,67.34,66.3577,21.6927,,,,,
BCHUSDT_723,BCHUSDT,LONG,378.511536,364.827855,392.195217,405.878898,405.878898,7.2303,723,2026-07-04T06:04:35.460538+00:00,TP_HIT,35.68,63.95,37.7382,79.2619,,,,,
BCHUSDT_724,BCHUSDT,LONG,379.657227,365.639666,393.674787,407.692348,407.692348,7.3843,724,2026-07-04T06:04:35.462181+00:00,TP_HIT,35.68,66.9,39.8408,84.4709,,,,,
BCHUSDT_725,BCHUSDT,LONG,374.261078,360.539674,387.982482,401.703886,401.703886,7.3325,725,2026-07-04T06:04:35.460548+00:00,TP_HIT,35.68,60.84,42.0071,82.53,,,,,
BCHUSDT_726,BCHUSDT,LONG,375.926178,362.270077,389.582279,403.238379,403.238379,7.2653,726,2026-07-04T06:04:35.460556+00:00,TP_HIT,34.55,63.22,44.1733,82.3469,,,,,
BCHUSDT_727,BCHUSDT,LONG,381.757233,368.099052,395.415413,409.073593,368.099052,-3.5777,727,2026-07-04T06:04:35.453535+00:00,SL_HIT,34.55,63.49,45.8063,82.0173,,,,,
BCHUSDT_728,BCHUSDT,LONG,382.036072,368.0878,395.984343,409.932615,368.0878,-3.651,728,2026-07-04T06:04:35.453547+00:00,SL_HIT,34.55,63.75,48.021,81.9499,,,,,
BCHUSDT_730,BCHUSDT,LONG,376.726257,362.196302,391.256213,405.786168,405.786168,7.7138,730,2026-07-04T06:04:35.460561+00:00,TP_HIT,34.55,65.81,53.2618,78.2339,,,,,
BCHUSDT_742,BCHUSDT,LONG,429.424408,412.529342,446.319474,463.214541,463.214541,7.8687,742,2026-07-04T06:04:35.480253+00:00,TP_HIT,33.24,61.26,24.7292,76.9638,,,,,
BCHUSDT_745,BCHUSDT,LONG,439.451477,421.633196,457.269758,475.088039,475.088039,8.1093,745,2026-07-04T06:04:35.480264+00:00,TP_HIT,33.41,60.15,28.0665,86.6182,,,,,
BCHUSDT_820,BCHUSDT,LONG,538.079651,511.175668,564.983633,591.887616,511.175668,-5.0,820,2026-07-04T06:04:35.566182+00:00,SL_HIT,33.24,64.0,26.4025,73.743,,,,,
BCHUSDT_865,BCHUSDT,LONG,530.697083,514.660405,546.73376,562.770438,514.660405,-3.0218,865,2026-07-04T06:04:35.615920+00:00,SL_HIT,33.39,60.71,18.6315,65.1665,,,,,
BCHUSDT_885,BCHUSDT,LONG,583.979553,554.780576,613.178531,642.377509,554.780576,-5.0,885,2026-07-04T06:04:35.645217+00:00,SL_HIT,33.81,60.52,17.4833,64.336,,,,,
BCHUSDT_1073,BCHUSDT,LONG,478.47168,469.662436,487.280923,496.090166,469.662436,-1.8411,1073,2026-07-04T06:04:35.885551+00:00,SL_HIT,41.6,68.04,48.9723,76.5578,,,,,
BCHUSDT_1417,BCHUSDT,LONG,326.158752,313.30127,339.016235,351.873718,313.30127,-3.9421,1417,2026-07-04T06:04:36.338654+00:00,SL_HIT,33.8,61.23,27.8295,81.9191,,,,,
BCHUSDT_1423,BCHUSDT,LONG,346.506134,333.489856,359.522412,372.53869,333.489856,-3.7564,1423,2026-07-04T06:04:36.341415+00:00,SL_HIT,34.8,70.27,37.7082,72.4767,,,,,
BCHUSDT_1434,BCHUSDT,LONG,379.17276,360.214122,398.131398,417.090036,417.090036,10.0,1434,2026-07-04T06:04:36.362600+00:00,TP_HIT,33.81,60.87,18.3616,67.0618,,,,,
BCHUSDT_1544,BCHUSDT,SHORT,323.091064,328.384748,317.797381,312.503697,328.384748,-1.6384,1544,2026-07-04T06:04:36.495026+00:00,SL_HIT,35.1,62.25,62.7748,29.7982,,,,,
BCHUSDT_1663,BCHUSDT,LONG,346.833252,334.939868,358.726636,370.620019,370.620019,6.8583,1663,2026-07-04T06:04:36.654540+00:00,TP_HIT,34.55,68.47,34.2936,82.18,,,,,
BCHUSDT_1664,BCHUSDT,LONG,351.149231,339.018942,363.27952,375.40981,339.018942,-3.4545,1664,2026-07-04T06:04:36.648249+00:00,SL_HIT,34.55,64.52,37.9558,86.4029,,,,,
BCHUSDT_1665,BCHUSDT,LONG,344.92868,333.31692,356.540441,368.152202,368.152202,6.7328,1665,2026-07-04T06:04:36.654550+00:00,TP_HIT,34.55,67.18,44.2421,90.1443,,,,,
BCHUSDT_1668,BCHUSDT,LONG,346.592133,334.992198,358.192067,369.792001,369.792001,6.6937,1668,2026-07-04T06:04:36.654555+00:00,TP_HIT,34.55,64.02,57.861,81.835,,,,,
BCHUSDT_1740,BCHUSDT,LONG,379.561951,366.667255,392.456647,405.351342,366.667255,-3.3973,1740,2026-07-04T06:04:36.755249+00:00,SL_HIT,34.8,69.21,35.5777,69.5666,,,,,
BCHUSDT_1785,BCHUSDT,LONG,382.875122,373.451423,392.298822,401.722521,373.451423,-2.4613,1785,2026-07-04T06:04:36.817102+00:00,SL_HIT,35.9,60.28,23.366,72.2565,,,,,
BCHUSDT_1955,BCHUSDT,SHORT,401.976837,414.147717,389.805957,377.635077,414.147717,-3.0278,1955,2026-07-04T06:04:37.074412+00:00,SL_HIT,33.56,60.57,23.8145,32.106,,,,,
BCHUSDT_2009,BCHUSDT,LONG,415.942627,408.512567,423.372687,430.802747,430.802747,3.5726,2009,2026-07-04T06:04:37.152605+00:00,TP_HIT,37.54,62.54,43.2072,77.112,,,,,
BCHUSDT_2010,BCHUSDT,LONG,419.6091,411.768079,427.450121,435.291142,435.291142,3.7373,2010,2026-07-04T06:04:37.155818+00:00,TP_HIT,41.6,65.99,46.2808,78.8839,,,,,
BCHUSDT_2012,BCHUSDT,LONG,421.867371,414.591874,429.142867,436.418363,436.418363,3.4492,2012,2026-07-04T06:04:37.155827+00:00,TP_HIT,41.6,68.09,54.0185,69.7793,,,,,
BCHUSDT_2013,BCHUSDT,LONG,425.535522,417.872895,433.19815,440.860777,440.860777,3.6014,2013,2026-07-04T06:04:37.157442+00:00,TP_HIT,41.6,69.95,57.9828,73.0894,,,,,
BCHUSDT_2014,BCHUSDT,LONG,425.487305,417.725327,433.249283,441.011261,441.011261,3.6485,2014,2026-07-04T06:04:37.157451+00:00,TP_HIT,41.6,69.52,61.4325,75.969,,,,,
BCHUSDT_2198,BCHUSDT,LONG,511.597076,502.202886,520.991267,530.385457,530.385457,3.6725,2198,2026-07-04T06:04:37.401574+00:00,TP_HIT,35.86,62.29,33.0138,61.0664,,,,,
BCHUSDT_2289,BCHUSDT,LONG,556.832275,533.03066,580.63389,604.435505,604.435505,8.5489,2289,2026-07-04T06:04:37.527102+00:00,TP_HIT,32.37,63.46,26.0258,66.186,,,,,
BCHUSDT_2297,BCHUSDT,LONG,585.047607,565.388593,604.706621,624.365635,565.388593,-3.3602,2297,2026-07-04T06:04:37.537783+00:00,SL_HIT,34.55,69.99,51.3806,78.1131,,,,,
BCHUSDT_2374,BCHUSDT,LONG,586.066284,576.385989,595.74658,605.426876,576.385989,-1.6517,2374,2026-07-04T06:04:37.609459+00:00,SL_HIT,37.54,60.0,39.4291,64.9705,,,,,
BCHUSDT_2375,BCHUSDT,LONG,586.804382,576.934298,596.674467,606.544551,576.934298,-1.682,2375,2026-07-04T06:04:37.609470+00:00,SL_HIT,37.54,64.45,41.9994,65.9064,,,,,
BCHUSDT_2428,BCHUSDT,SHORT,568.118958,577.127498,559.110417,550.101876,550.101876,3.1714,2428,2026-07-04T06:04:37.698835+00:00,TP_HIT,37.54,70.48,41.6878,30.9413,,,,,
BCHUSDT_2429,BCHUSDT,SHORT,567.179077,576.173519,558.184636,549.190194,549.190194,3.1716,2429,2026-07-04T06:04:37.698845+00:00,TP_HIT,37.54,70.38,41.8888,24.0265,,,,,
BCHUSDT_2430,BCHUSDT,SHORT,562.109863,571.18134,553.038387,543.96691,571.18134,-1.6138,2430,2026-07-04T06:04:37.691837+00:00,SL_HIT,37.54,69.21,43.9897,19.324,,,,,
BCHUSDT_2431,BCHUSDT,SHORT,565.492798,574.66153,556.324066,547.155334,547.155334,3.2427,2431,2026-07-04T06:04:37.702205+00:00,TP_HIT,41.6,62.48,46.0906,23.4841,,,,,
BCHUSDT_2434,BCHUSDT,SHORT,564.486206,573.630088,555.342324,546.198443,546.198443,3.2397,2434,2026-07-04T06:04:37.703826+00:00,TP_HIT,37.54,71.45,42.5945,29.9371,,,,,
BCHUSDT_2437,BCHUSDT,SHORT,556.658752,567.159145,546.15836,535.657968,567.159145,-1.8863,2437,2026-07-04T06:04:37.722257+00:00,SL_HIT,33.04,69.25,49.651,23.7167,,,,,
BCHUSDT_2469,BCHUSDT,SHORT,583.865601,593.605765,574.125436,564.385271,564.385271,3.3364,2469,2026-07-04T06:04:37.745027+00:00,TP_HIT,41.6,76.64,48.7756,36.3599,,,,,
BCHUSDT_2470,BCHUSDT,SHORT,582.592163,592.118951,573.065375,563.538587,563.538587,3.2705,2470,2026-07-04T06:04:37.745035+00:00,TP_HIT,41.6,72.3,46.9872,30.6318,,,,,
BCHUSDT_2471,BCHUSDT,SHORT,567.089111,577.796021,556.382202,545.675293,545.675293,3.7761,2471,2026-07-04T06:04:37.748502+00:00,TP_HIT,38.09,64.01,46.1662,23.909,,,,,
BCHUSDT_2638,BCHUSDT,SHORT,589.156677,596.357032,581.956323,574.755968,574.755968,2.4443,2638,2026-07-04T06:04:37.936842+00:00,TP_HIT,41.6,65.27,51.0913,31.4995,,,,,
BCHUSDT_2639,BCHUSDT,SHORT,572.06366,580.868332,563.258987,554.454315,554.454315,3.0782,2639,2026-07-04T06:04:37.961423+00:00,TP_HIT,34.4,73.28,54.916,21.9748,,,,,
BCHUSDT_2640,BCHUSDT,SHORT,571.893677,580.529513,563.257841,554.622005,554.622005,3.0201,2640,2026-07-04T06:04:37.961432+00:00,TP_HIT,34.4,70.07,59.3314,15.6604,,,,,
BCHUSDT_2641,BCHUSDT,SHORT,568.843079,577.807118,559.879039,550.915,550.915,3.1517,2641,2026-07-04T06:04:37.974592+00:00,TP_HIT,38.97,69.37,64.0916,11.8765,,,,,
BCHUSDT_2642,BCHUSDT,SHORT,561.965088,571.224136,552.706039,543.446991,543.446991,3.2952,2642,2026-07-04T06:04:37.979067+00:00,TP_HIT,38.97,66.34,65.3503,11.1263,,,,,
BCHUSDT_2644,BCHUSDT,SHORT,565.233887,575.452715,555.015058,544.79623,544.79623,3.6158,2644,2026-07-04T06:04:37.977324+00:00,TP_HIT,38.97,65.43,67.769,19.3949,,,,,
BCHUSDT_2645,BCHUSDT,SHORT,564.109619,574.285097,553.934141,543.758663,543.758663,3.6076,2645,2026-07-04T06:04:37.977332+00:00,TP_HIT,38.97,64.11,67.1964,20.8737,,,,,
BCHUSDT_2646,BCHUSDT,SHORT,562.307739,572.403586,552.211892,542.116045,542.116045,3.5909,2646,2026-07-04T06:04:37.979077+00:00,TP_HIT,38.97,73.16,66.9687,13.305,,,,,
BCHUSDT_2647,BCHUSDT,SHORT,559.341797,569.613661,549.069933,538.79807,538.79807,3.6728,2647,2026-07-04T06:04:37.979082+00:00,TP_HIT,38.97,65.93,67.8911,12.9651,,,,,
BCHUSDT_2648,BCHUSDT,SHORT,554.704712,565.315111,544.094312,533.483913,565.315111,-1.9128,2648,2026-07-04T06:04:38.025977+00:00,SL_HIT,32.77,65.64,69.0249,10.4317,,,,,
BCHUSDT_2650,BCHUSDT,SHORT,554.622803,565.592664,543.652941,532.683079,565.592664,-1.9779,2650,2026-07-04T06:04:38.027604+00:00,SL_HIT,32.77,63.77,76.578,13.8786,,,,,
BCHUSDT_2654,BCHUSDT,SHORT,557.223267,566.616956,547.829577,538.435887,538.435887,3.3716,2654,2026-07-04T06:04:37.979088+00:00,TP_HIT,38.97,67.94,83.5601,32.7472,,,,,
BCHUSDT_2656,BCHUSDT,SHORT,551.922058,560.698074,543.146042,534.370026,560.698074,-1.5901,2656,2026-07-04T06:04:38.012707+00:00,SL_HIT,38.97,63.47,82.4213,36.7467,,,,,
BCHUSDT_2658,BCHUSDT,SHORT,545.114014,553.275724,536.952303,528.790593,553.275724,-1.4972,2658,2026-07-04T06:04:37.977340+00:00,SL_HIT,38.97,65.8,81.5774,22.3933,,,,,
BCHUSDT_2660,BCHUSDT,SHORT,543.013428,553.068357,532.958498,522.903569,553.068357,-1.8517,2660,2026-07-04T06:04:38.006305+00:00,SL_HIT,38.97,71.34,78.8469,31.0601,,,,,
BCHUSDT_2661,BCHUSDT,SHORT,536.145325,546.667742,525.622907,515.10049,546.667742,-1.9626,2661,2026-07-04T06:04:37.985922+00:00,SL_HIT,32.77,65.32,77.2528,28.8499,,,,,
BCHUSDT_2694,BCHUSDT,LONG,587.441711,576.673272,598.210151,608.97859,608.97859,3.6662,2694,2026-07-04T06:04:38.049818+00:00,TP_HIT,35.86,66.79,33.843,76.0277,,,,,
BCHUSDT_2696,BCHUSDT,LONG,588.283142,576.961195,599.605089,610.927037,610.927037,3.8491,2696,2026-07-04T06:04:38.049974+00:00,TP_HIT,34.76,65.33,38.1325,76.9515,,,,,
BCHUSDT_2697,BCHUSDT,LONG,592.980774,581.811353,604.150194,615.319615,581.811353,-1.8836,2697,2026-07-04T06:04:38.084938+00:00,SL_HIT,34.17,60.89,39.6618,76.8433,,,,,
BCHUSDT_2709,BCHUSDT,LONG,609.233337,597.71669,620.749985,632.266632,597.71669,-1.8904,2709,2026-07-04T06:04:38.054114+00:00,SL_HIT,38.09,72.94,70.2608,74.5813,,,,,
BCHUSDT_2736,BCHUSDT,SHORT,578.087708,586.343946,569.831469,561.57523,586.343946,-1.4282,2736,2026-07-04T06:04:38.094252+00:00,SL_HIT,33.95,61.05,36.9703,23.7197,,,,,
BCHUSDT_2745,BCHUSDT,LONG,580.159729,570.139668,590.17979,600.199851,570.139668,-1.7271,2745,2026-07-04T06:04:38.108071+00:00,SL_HIT,37.54,67.91,41.615,53.0435,,,,,
BCHUSDT_2746,BCHUSDT,LONG,595.40979,584.008558,606.811022,618.212254,584.008558,-1.9149,2746,2026-07-04T06:04:38.106455+00:00,SL_HIT,35.4,60.56,40.503,68.3584,,,,,
BCHUSDT_2842,BCHUSDT,LONG,509.107788,497.841498,520.374078,531.640368,531.640368,4.4259,2842,2026-07-04T06:04:38.230827+00:00,TP_HIT,37.78,67.15,50.3799,77.375,,,,,
BCHUSDT_2843,BCHUSDT,LONG,518.747253,506.799085,530.695421,542.64359,542.64359,4.6065,2843,2026-07-04T06:04:38.232496+00:00,TP_HIT,36.3,72.73,54.1872,85.587,,,,,
BCHUSDT_2990,BCHUSDT,LONG,547.521973,520.145874,574.898071,602.27417,520.145874,-5.0,2990,2026-07-04T06:04:38.421494+00:00,SL_HIT,33.41,65.59,29.4516,74.3273,,,,,
BCHUSDT_3272,BCHUSDT,LONG,655.086304,644.392271,665.780337,676.47437,644.392271,-1.6325,3272,2026-07-04T06:04:38.781717+00:00,SL_HIT,35.86,63.16,33.3602,80.4164,,,,,
BCHUSDT_3324,BCHUSDT,SHORT,577.156311,585.514821,568.797801,560.439292,585.514821,-1.4482,3324,2026-07-04T06:04:38.850246+00:00,SL_HIT,33.95,62.41,35.0777,12.1418,,,,,
BCHUSDT_3325,BCHUSDT,SHORT,569.723572,578.771729,560.675415,551.627258,578.771729,-1.5882,3325,2026-07-04T06:04:38.850257+00:00,SL_HIT,33.04,65.76,38.5209,6.3558,,,,,
BCHUSDT_3657,BCHUSDT,LONG,478.778168,471.321554,486.234782,493.691395,471.321554,-1.5574,3657,2026-07-04T06:04:39.296924+00:00,SL_HIT,33.95,60.72,46.9603,70.8457,,,,,
BCHUSDT_3719,BCHUSDT,SHORT,459.280273,465.860433,452.700114,446.119954,465.860433,-1.4327,3719,2026-07-04T06:04:39.374204+00:00,SL_HIT,33.95,61.4,39.8543,17.4915,,,,,
BCHUSDT_3773,BCHUSDT,SHORT,435.147858,438.756082,431.539634,427.93141,427.93141,1.6584,3773,2026-07-04T06:04:39.450649+00:00,TP_HIT,34.4,72.99,56.7446,23.4676,,,,,
BCHUSDT_3774,BCHUSDT,SHORT,432.976044,436.716463,429.235624,425.495204,425.495204,1.7278,3774,2026-07-04T06:04:39.450657+00:00,TP_HIT,34.4,68.61,54.6624,18.619,,,,,
BCHUSDT_3775,BCHUSDT,SHORT,421.305573,426.054668,416.556477,411.807382,426.054668,-1.1272,3775,2026-07-04T06:04:39.453135+00:00,SL_HIT,34.4,71.94,54.9658,10.4353,,,,,
BCHUSDT_3819,BCHUSDT,SHORT,421.12561,426.54102,415.710201,410.294791,426.54102,-1.2859,3819,2026-07-04T06:04:39.510724+00:00,SL_HIT,33.04,64.89,44.4864,17.6536,,,,,
BCHUSDT_4012,BCHUSDT,SHORT,424.709991,431.183564,418.236419,411.762846,411.762846,3.0485,4012,2026-07-04T06:04:39.768693+00:00,TP_HIT,33.04,62.6,43.813,30.7914,,,,,
BCHUSDT_4015,BCHUSDT,SHORT,427.519989,433.238203,421.801775,416.083561,416.083561,2.6751,4015,2026-07-04T06:04:39.768702+00:00,TP_HIT,33.95,63.35,38.7211,39.6012,,,,,
BCHUSDT_4016,BCHUSDT,SHORT,420.0,426.623572,413.376428,406.752856,406.752856,3.1541,4016,2026-07-04T06:04:39.782214+00:00,TP_HIT,33.04,68.81,37.8607,30.4408,,,,,
BCHUSDT_4017,BCHUSDT,SHORT,411.109985,418.477129,403.742841,396.375698,418.477129,-1.792,4017,2026-07-04T06:04:39.771372+00:00,SL_HIT,33.04,64.17,37.4636,25.7142,,,,,
BCHUSDT_4020,BCHUSDT,SHORT,415.73999,423.207849,408.272132,400.804273,400.804273,3.5926,4020,2026-07-04T06:04:39.782224+00:00,TP_HIT,33.04,65.64,38.6145,27.7502,,,,,
BCHUSDT_4025,BCHUSDT,SHORT,413.529999,420.758931,406.301067,399.072135,399.072135,3.4962,4025,2026-07-04T06:04:39.784802+00:00,TP_HIT,38.97,60.5,65.074,27.1168,,,,,
BCHUSDT_4026,BCHUSDT,SHORT,404.609985,412.580347,396.639623,388.669261,388.669261,3.9398,4026,2026-07-04T06:04:39.784810+00:00,TP_HIT,32.77,64.94,67.0274,25.2828,,,,,
BCHUSDT_4152,BCHUSDT,LONG,230.220001,218.709001,241.731001,253.242001,218.709001,-5.0,4152,2026-07-04T06:04:39.984456+00:00,SL_HIT,36.22,74.49,45.8717,64.7136,,,,,
BCHUSDT_4306,BCHUSDT,LONG,227.369995,217.436783,237.303207,247.236419,227.610001,0.1056,4306,2026-07-04T06:04:40.189181+00:00,EXPIRED,39.36,73.42,61.6748,78.1935,,,,,
BCHUSDT_4307,BCHUSDT,LONG,227.449997,217.765357,237.134636,246.819276,227.610001,0.0703,4307,2026-07-04T06:04:40.189191+00:00,EXPIRED,39.36,65.48,64.6609,77.9284,,,,,
